,Année,RNE,Nom établissement,Localité,Département,Label,Position
5,2017,0301284H,Collège Jean Rostand,Nîmes,30,3,"43.8453349382, 4.3436104753"
181,2017,0110025T,Collège Cité,Narbonne,11,2,"43.1871871048, 3.00827041122"
182,2017,0110667R,Collège Pierre et Marie Curie,Rieux-Minervois,11,2,"43.2816347265, 2.58131002347"
185,2017,0300013B,Collège Le Castellas,Bessèges,30,2,"44.2934511404, 4.09540034382"
186,2017,0300032X,Collège de Coutach,Quissac,30,2,"43.9134526084, 3.99461994587"
193,2017,0301721H,Collège Jean Louis Trintignant,Uzès,30,2,"44.028519592, 4.41477035441"
194,2017,0340024S,Collège Voltaire,Florensac,34,2,"43.386879459, 3.46471973603"
599,2017,0301746K,Collège Via Domitia,Manduel,30,1,"43.8180264011, 4.48825017339"
606,2017,0340974Z,Collège Emmanuel Maffre Baugé,Paulhan,34,1,"43.5407317335, 3.45764059763"
600,2017,0301747L,Collège,Lédignan,30,1,"43.9840086522, 4.10706037412"
602,2017,0340065L,Collège Jean Jaurès,Saint-Chinian,34,1,"43.4232909976, 2.9514600811"
597,2017,0301282F,Collège Elsa Triolet,Beaucaire,30,1,"43.8104670616, 4.62201018325"
417,2017,0660523K,Collège Paul Langevin,Elne,66,1,"42.6133158471, 2.9781896986"
595,2017,0301014P,Collège Denis Diderot,Alès,30,2,"44.1328062981, 4.07873052994"
798,2017,0300947S,Collège Alphonse Daudet,Alès,30,1,"44.1352924236, 4.08584945806"
7,2017,0340053Y,Collège Croix d'Argent,Montpellier,34,3,"43.5901236713, 3.86672053586"
591,2017,0300016E,Collège de la Regordane,Génolhac,30,2,"44.3495919152, 3.94858022887"
601,2017,0301827Y,Collège Federico Garcia Lorca,Bellegarde,30,1,"43.7507318849, 4.49710961267"
415,2017,0480006W,Collège Sport Nature,La Canourgue,48,1,"44.4304664308, 3.21929027799"
588,2017,0110068P,Collège Georges Brassens,Narbonne,11,3,"43.1861949153, 2.97425005916"
199,2017,0340955D,Collège Simone Veil,Montpellier,34,2,"43.6180403594, 3.84792979907"
14,2017,0341870Y,Collège Marie Curie,Pignan,34,2,"43.5795881698, 3.76382057356"
13,2017,0341825Z,Collège Ambrussum,Lunel,34,2,"43.6876054742, 4.13410022864"
589,2017,0110672W,Collège Jules Verne,Carcassonne,11,1,"43.2174450571, 2.35158998458"
11,2017,0341424N,Collège Louise Michel,Ganges,34,2,"43.9366236246, 3.7052504937"
607,2017,0341364Y,Collège Gérard Philipe,Montpellier,34,3,"43.5973433958, 3.88440958533"
8,2017,0340996Y,Collège les Escholiers de la Mosson,Montpellier,34,2,"43.6337390636, 3.82164956652"
3,2017,0300031W,Collège George Ville,Pont-Saint-Esprit,30,2,"44.2562769196, 4.64588054318"
2,2017,0111051H,Collège Rosa Parks,Lézignan-Corbières,11,2,"43.184518864, 2.7595799942"
590,2017,0110725D,Collège la Nadière,Port-la-Nouvelle,11,3,"43.0152938287, 3.0473402655"
200,2017,0341065Y,Collège Jean Moulin,Sète,34,2,"43.4153654872, 3.67108004392"
215,2017,0660864F,Collège François Mitterrand,Toulouges,66,2,"42.6654908741, 2.8406905042"
213,2017,0660522J,Collège Marcel Pagnol,Perpignan,66,2,"42.7121514378, 2.88187030741"
593,2017,0300037C,Collège Jean Vilar,Saint-Gilles,30,1,"43.6857190477, 4.43333951677"
210,2017,0660019M,Collège Saint Exupéry,Perpignan,66,2,"42.6809404657, 2.90278705816"
209,2017,0660018L,Collège Madame de Sévigné,Perpignan,66,2,"42.6842308397, 2.88608980902"
208,2017,0660016J,Collège la Garrigole,Perpignan,66,2,"42.6948472397, 2.86727657243"
207,2017,0480017H,Collège Odilon Barrot,Villefort,48,2,"44.4409467285, 3.92705994902"
592,2017,0300033Y,Collège Voltaire,Remoulins,30,2,"43.9391477432, 4.57085010929"
594,2017,0300946R,Collège Révolution,Nîmes,30,2,"43.8411277221, 4.35535964864"
596,2017,0301232B,Collège Gaston Doumergue,Sommières,30,2,"43.7847374416, 4.08325039108"
598,2017,0301327E,Collège Gérard Philipe,Bagnols-sur-Cèze,30,2,"44.1618283977, 4.61622996246"
15,2017,0342052W,Collège Simone de Beauvoir,Frontignan,34,1,"43.4295170364, 3.73652058744"
810,2017,0660521H,Collège Pablo Casals,Cabestany,66,2,"42.6764094572, 2.94332002109"
12,2017,0341577E,Collège Le Bérange,Baillargues,34,1,"43.6670767331, 4.02226955004"
808,2017,0660431K,Collège Le Riberal,Saint-Estève,66,2,"42.7086982816, 2.83931047208"
806,2017,0480015F,Collège Achille Rousson,Saint-Étienne-Vallée-Française,48,2,"44.1664542311, 3.84200964175"
0,2017,0110686L,Collège Joseph Anglade,Lézignan-Corbières,11,2,"43.196809464, 2.76527043622"
6,2017,0340021N,Collège Jules Ferry,Cazouls-lès-Béziers,34,1,"43.3898154424, 3.1016801846"
809,2017,0660480N,Collège Jean Moulin,Arles-sur-Tech,66,1,"42.4571318685, 2.63197039146"
1,2017,0110870L,Collège Antoine Pons,Chalabre,11,1,"42.9851089045, 2.00497993951"
9,2017,0341363X,Collège de la Voie Domitienne,Le Crès,34,1,"43.6479920098, 3.93101951031"
20,2017,0660029Y,Collège Joseph Calvet,Saint-Paul-de-Fenouillet,66,1,"42.8087998589, 2.50565044347"
807,2017,0660049V,Collège Jean Moulin,Perpignan,66,1,"42.6969467289, 2.899559487"
805,2017,0342132H,Collège Lucie Aubrac,Béziers,34,1,"43.3520086228, 3.22177048855"
419,2017,0660648W,Collège la Côte Radieuse,Canet-en-Roussillon,66,1,"42.7051558749, 2.99772032008"
413,2017,0480002S,Collège Henri Gamala,Le Collet-de-Dèze,48,3,"44.2458831779, 3.91986047952"
418,2017,0660601V,Collège Jean Amade,Céret,66,3,"42.4868710371, 2.75436022644"
811,2017,0660865G,Collège Pierre Mendès France,Saint-André,66,1,"42.5541189497, 2.96351977326"
17,2017,0480004U,Collège Marthe Dupeyron,Langogne,48,1,"44.7235510008, 3.85283017106"
19,2017,0660028X,Collège Jean Mermoz,Saint-Laurent-de-la-Salanque,66,2,"42.7715648368, 2.98475020405"
18,2017,0480014E,Collège UPP Pierre delmas,Sainte-Enimie,48,1,"44.3669528713, 3.41120962813"
803,2017,0341826A,Collège François Mitterrand,Clapiers,34,2,"43.6530326337, 3.8955996619"
795,2017,0110810W,Collège de Grazailles,Carcassonne,11,1,"43.2243470524, 2.35215950467"
793,2017,0110676A,Collège Saint Exupéry,Bram,11,1,"43.2391799899, 2.11086056286"
603,2017,0340086J,Collège Frédéric Bazille,Castelnau-le-Lez,34,2,"43.6339667949, 3.90880976798"
604,2017,0340110K,Collège Pic Saint Loup,Saint-Clément-de-Rivière,34,2,"43.6817773311, 3.84701056038"
605,2017,0340973Y,Collège Jean Jaurès,Mèze,34,2,"43.4266806349, 3.60220978092"
609,2017,0341764H,Collège François Villon,Saint-Gély-du-Fesc,34,2,"43.6926718053, 3.79933962463"
610,2017,0342224H,Collège Olympe de Gouges,Loupian,34,2,"43.4477739876, 3.6074897953"
611,2017,0342326U,Collège Boby Lapointe,Roujan,34,2,"43.505481603, 3.31503938511"
612,2017,0660008A,Collège Pierre Fouché,Ille-sur-Têt,66,2,"42.6674347127, 2.61739054467"
613,2017,0660038H,Collège de la Côte Vermeille,Port-Vendres,66,2,"42.520036821, 3.10255948226"
614,2017,0660848N,Collège Alice et Jean Olibo,Saint-Cyprien,66,2,"42.6230964794, 3.00866033295"
801,2017,0340032A,Collège les Arbourys,Magalas,34,2,"43.4705426287, 3.22338016058"
800,2017,0301246S,Collège la Gardonnenque,Brignon,30,2,"43.974322734, 4.21295996157"
799,2017,0301213F,Collège Paul Valéry,Roquemaure,30,2,"44.0480398242, 4.78033053981"
797,2017,0300929X,Collège du Mont Duplan,Nîmes,30,2,"43.8433058201, 4.36424053265"
796,2017,0111015U,Collège Marcelin Albert,Saint-Nazaire-d'Aude,11,2,"43.2557196651, 2.90897034676"
802,2017,0341421K,Collège Joffre,Montpellier,34,2,"43.6117701665, 3.88673979066"
791,2017,0110003U,Collège de l'Alaric,Capendu,11,1,"43.1859084897, 2.56341995244"
21,2017,0660030Z,Collège Pierre Moréto,Thuir,66,2,"42.6336129412, 2.7594402717"
212,2017,0660051X,Collège Albert Camus,Perpignan,66,2,"42.6911542142, 2.9090199574"
407,2017,0341030K,Collège Camille Claudel,Montpellier,34,2,"43.6165476424, 3.86244060701"
188,2017,0300043J,Collège Jean Baptiste Dumas,Salindres,30,1,"44.1664128318, 4.16061997374"
190,2017,0301013N,Collège Jean Moulin,Alès,30,1,"44.13184497, 4.07762997317"
409,2017,0341321B,Collège Katia et Maurice Krafft,Béziers,34,1,"43.3368266518, 3.249580225"
410,2017,0341367B,Collège Paul Bert,Capestang,34,1,"43.329458695, 3.04042023675"
411,2017,0342077Y,Collège Ray Charles,Fabrègues,34,1,"43.5608737832, 3.78969007423"
396,2017,0110665N,Collège Varsovie,Carcassonne,11,1,"43.2137760413, 2.34773990008"
195,2017,0340031Z,Collège Frédéric Mistral,Lunel,34,1,"43.6719380834, 4.12396000143"
4,2017,0301010K,Collège Jules Vallès,Nîmes,30,3,"43.8588460926, 4.39110910066"
206,2017,0480016G,Collège du Trenze,Vialas,48,1,"44.3331989353, 3.89597048145"
204,2017,0480005V,Collège Marcel Pierrel,Marvejols,48,3,"44.5569078111, 3.29316011116"
203,2017,0342036D,Collège Pierre Mendès France,Jacou,34,3,"43.6671893915, 3.91074972156"
187,2017,0300039E,Collège de la Galaberte,Saint-Hippolyte-du-Fort,30,3,"43.9631396836, 3.85859982594"
202,2017,0341366A,Collège du Salagou,Clermont-l'Hérault,34,3,"43.6341692684, 3.43125035714"
414,2017,0480003T,Collège des Trois Vallées,Florac,48,2,"44.3219028103, 3.59757997599"
197,2017,0340051W,Collège Fontcarrade,Montpellier,34,3,"43.6075877251, 3.85417007214"
804,2017,0342076X,Collège de la Petite Camargue,Lansargues,34,3,"43.6548701317, 4.08186989454"
196,2017,0340034C,Collège Roger Contrepas,Marsillargues,34,1,"43.6674224763, 4.17421008"
395,2017,0110021N,Collège Victor Hugo,Narbonne,11,1,"43.1878051934, 3.00615001634"
198,2017,0340119V,Collège Ferdinand Fabre,Bédarieux,34,1,"43.6109247059, 3.15462945714"
412,2017,0480001R,Collège Henri Rouvière,Le Bleymard,48,3,"44.4893577861, 3.73783029606"
405,2017,0340109J,Collège les Garrigues,Montpellier,34,3,"43.6426440098, 3.8170897104"
183,2017,0110675Z,Collège Michel Bousquié,Quillan,11,1,"42.876164008, 2.17579041988"
400,2017,0300059B,Collège Jules Verne,Nîmes,30,3,"43.8296391511, 4.34296054205"
397,2017,0110666P,Collège Le Bastion,Carcassonne,11,2,"43.2164456747, 2.34890030778"
401,2017,0301098F,Collège les Oliviers,Nîmes,30,2,"43.8339248311, 4.38472962159"
189,2017,0300141R,Collège Condorcet,Nîmes,30,3,"43.8276608398, 4.33614977357"
214,2017,0660653B,Collège Jules Verne,Le Soler,66,1,"42.6788324315, 2.78077044178"
211,2017,0660022R,Collège Gustave Violet,Prades,66,3,"42.619996072, 2.41849051273"
408,2017,0341280G,Collège les Pins,Castries,34,1,"43.6830372278, 3.98875955951"
416,2017,0660037G,Collège Joffre,Rivesaltes,66,2,"42.767749446, 2.87938008707"
201,2017,0341278E,Collège Arthur Rimbaud,Montpellier,34,1,"43.6166769762, 3.82158973055"
16,2017,0342266D,Collège Françoise Combes,Montpellier,34,2,"43.6205154588, 3.8785601443"
608,2017,0341388Z,Collège Marcel Pagnol,Sérignan,34,3,"43.2761956341, 3.27145043447"
406,2017,0340111L,Collège Clémenceau,Montpellier,34,2,"43.6021807686, 3.8731804287"
10,2017,0341368C,Collège de l'Étang de l'Or,Mauguio,34,3,"43.6126507357, 4.00806047562"
403,2017,0301326D,Collège André Chamson,Le Vigan,30,1,"43.989870598, 3.60065939066"
404,2017,0301671D,Collège Le Vignet,Calvisson,30,1,"43.7831648894, 4.20125983579"
192,2017,0301209B,Collège les Fontaines,Bouillargues,30,1,"43.8003340623, 4.43454976935"
184,2017,0110859Z,Collège Joseph Delteil,Limoux,11,1,"43.0641830596, 2.21530968734"
399,2017,0110788X,Collège Montesquieu,Narbonne,11,1,"43.1934084556, 3.01872967957"
398,2017,0110674Y,Collège Gaston Bonheur,Trèbes,11,1,"43.2096146282, 2.45349998889"
205,2017,0480013D,Collège Haut Gévaudan,Saint-Chély-d'Apcher,48,3,"44.8073524329, 3.26968062011"
420,2017,0660866H,Collège Jean Rous,Pia,66,2,"42.7401372813, 2.92554017198"
402,2017,0301245R,Collège Lou Castellas,Marguerittes,30,2,"43.8643880293, 4.44129998288"
794,2017,0110724C,Collège des Corbières Maritimes,Sigean,11,3,"43.023961596, 2.98093039251"
792,2017,0110015G,Collège Jean Baptiste Bieules,Couiza,11,3,"42.9407637127, 2.25507021071"
421,2017,0660925X,Collège Christian Bourquin,Millas,66,2,"42.6864276173, 2.68759941973"
191,2017,0301094B,Collège Diderot,Nîmes,30,3,"43.828013771733, 4.3289175540409"
438,2018,0342131G,Collège François Rabelais,Montpellier,34,2,"43.6260229991, 3.83347044839"
845,2018,0660037G,Collège Joffre,Rivesaltes,66,3,"42.767749446, 2.87938008707"
837,2018,0342076X,Collège de la Petite Camargue,Lansargues,34,3,"43.6548701317, 4.08186989454"
842,2018,0480013D,Collège Haut Gévaudan,Saint-Chély-d'Apcher,48,3,"44.8073524329, 3.26968062011"
816,2018,0111051H,Collège Rosa Parks,Lézignan-Corbières,11,3,"43.184518864, 2.7595799942"
840,2018,0480002S,Collège Henri Gamala,Le Collet-de-Dèze,48,3,"44.2458831779, 3.91986047952"
835,2018,0341826A,Collège François Mitterrand,Clapiers,34,2,"43.6530326337, 3.8955996619"
616,2018,0110665N,Collège Varsovie,Carcassonne,11,2,"43.2137760413, 2.34773990008"
618,2018,0300016E,Collège de la Regordane,Génolhac,30,2,"44.3495919152, 3.94858022887"
822,2018,0301284H,Collège Jean Rostand,Nîmes,30,2,"43.8453349382, 4.3436104753"
839,2018,0342326U,Collège Boby Lapointe,Roujan,34,3,"43.505481603, 3.31503938511"
32,2018,0301014P,Collège Denis Diderot,Alès,30,2,"44.1328062981, 4.07873052994"
819,2018,0301012M,Collège Léo Larguier,La Grand-Combe,30,2,"44.2101391558, 4.03036051229"
436,2018,0342036D,Collège Pierre Mendès France,Jacou,34,1,"43.6671893915, 3.91074972156"
434,2018,0341388Z,Collège Marcel Pagnol,Sérignan,34,1,"43.2761956341, 3.27145043447"
433,2018,0341277D,Collège les Aiguerelles,Montpellier,34,1,"43.5975367249, 3.89212977987"
25,2018,0110725D,Collège la Nadière,Port-la-Nouvelle,11,3,"43.0152938287, 3.0473402655"
431,2018,0340021N,Collège Jules Ferry,Cazouls-lès-Béziers,34,1,"43.3898154424, 3.1016801846"
430,2018,0301671D,Collège Le Vignet,Calvisson,30,1,"43.7831648894, 4.20125983579"
814,2018,0110788X,Collège Montesquieu,Narbonne,11,1,"43.1934084556, 3.01872967957"
422,2018,0300006U,Collège Florian,Anduze,30,1,"44.053275465, 3.98381045633"
30,2018,0300929X,Collège du Mont Duplan,Nîmes,30,3,"43.8433058201, 4.36424053265"
426,2018,0300062E,Collège Capouchiné,Nîmes,30,1,"43.8224816364, 4.35695996915"
425,2018,0300033Y,Collège Voltaire,Remoulins,30,1,"43.9391477432, 4.57085010929"
34,2018,0301232B,Collège Gaston Doumergue,Sommières,30,3,"43.7847374416, 4.08325039108"
441,2018,0660012E,Collège Joseph Sébastien Pons,Perpignan,66,1,"42.7197414277, 2.89175023197"
821,2018,0301213F,Collège Paul Valéry,Roquemaure,30,2,"44.0480398242, 4.78033053981"
820,2018,0301096D,Collège la Vallée Verte,Vauvert,30,1,"43.6876211755, 4.27148012771"
818,2018,0300042H,Collège Marceau Lapierre,Saint-Jean-du-Gard,30,1,"44.1089710382, 3.88933994461"
439,2018,0342186S,Collège Max Rouquette,Saint-André-de-Sangonis,34,1,"43.6546699449, 3.49792022235"
42,2018,0341366A,Collège du Salagou,Clermont-l'Hérault,34,3,"43.6341692684, 3.43125035714"
55,2018,0660925X,Collège Christian Bourquin,Millas,66,3,"42.6864276173, 2.68759941973"
423,2018,0300013B,Collège Le Castellas,Bessèges,30,1,"44.2934511404, 4.09540034382"
817,2018,0300039E,Collège de la Galaberte,Saint-Hippolyte-du-Fort,30,1,"43.9631396836, 3.85859982594"
234,2018,0340053Y,Collège Croix d'Argent,Montpellier,34,3,"43.5901236713, 3.86672053586"
437,2018,0342130F,Collège Pierre Deley,Marseillan,34,1,"43.3636032312, 3.52046025283"
241,2018,0341368C,Collège de l'Étang de l'Or,Mauguio,34,3,"43.6126507357, 4.00806047562"
812,2018,0110025T,Collège Cité,Narbonne,11,2,"43.1871871048, 3.00827041122"
247,2018,0480001R,Collège Henri Rouvière,Le Bleymard,48,3,"44.4893577861, 3.73783029606"
815,2018,0111015U,Collège Marcelin Albert,Saint-Nazaire-d'Aude,11,2,"43.2557196651, 2.90897034676"
254,2018,0660601V,Collège Jean Amade,Céret,66,3,"42.4868710371, 2.75436022644"
38,2018,0340051W,Collège Fontcarrade,Montpellier,34,3,"43.6075877251, 3.85417007214"
813,2018,0110676A,Collège Saint Exupéry,Bram,11,2,"43.2391799899, 2.11086056286"
631,2018,0341321B,Collège Katia et Maurice Krafft,Béziers,34,2,"43.3368266518, 3.249580225"
427,2018,0300141R,Collège Condorcet,Nîmes,30,2,"43.8276608398, 4.33614977357"
424,2018,0300020J,Collège Antoine Deparcieux,Le Martinet,30,1,"44.252830676, 4.08464044227"
243,2018,0341825Z,Collège Ambrussum,Lunel,34,2,"43.6876054742, 4.13410022864"
636,2018,0480005V,Collège Marcel Pierrel,Marvejols,48,3,"44.5569078111, 3.29316011116"
217,2018,0110021N,Collège Victor Hugo,Narbonne,11,2,"43.1878051934, 3.00615001634"
221,2018,0110675Z,Collège Michel Bousquié,Quillan,11,2,"42.876164008, 2.17579041988"
222,2018,0110686L,Collège Joseph Anglade,Lézignan-Corbières,11,2,"43.196809464, 2.76527043622"
227,2018,0300043J,Collège Jean Baptiste Dumas,Salindres,30,2,"44.1664128318, 4.16061997374"
228,2018,0300946R,Collège Révolution,Nîmes,30,2,"43.8411277221, 4.35535964864"
229,2018,0301013N,Collège Jean Moulin,Alès,30,2,"44.13184497, 4.07762997317"
230,2018,0301214G,Collège du Mourion,Villeneuve-lès-Avignon,30,2,"43.9762220762, 4.78356042514"
220,2018,0110666P,Collège Le Bastion,Carcassonne,11,2,"43.2164456747, 2.34890030778"
54,2018,0660866H,Collège Jean Rous,Pia,66,2,"42.7401372813, 2.92554017198"
52,2018,0660648W,Collège la Côte Radieuse,Canet-en-Roussillon,66,2,"42.7051558749, 2.99772032008"
51,2018,0660038H,Collège de la Côte Vermeille,Port-Vendres,66,2,"42.520036821, 3.10255948226"
50,2018,0660030Z,Collège Pierre Moréto,Thuir,66,2,"42.6336129412, 2.7594402717"
48,2018,0480015F,Collège Achille Rousson,Saint-Étienne-Vallée-Française,48,2,"44.1664542311, 3.84200964175"
47,2018,0480003T,Collège des Trois Vallées,Florac,48,2,"44.3219028103, 3.59757997599"
46,2018,0341870Y,Collège Marie Curie,Pignan,34,2,"43.5795881698, 3.76382057356"
43,2018,0341367B,Collège Paul Bert,Capestang,34,2,"43.329458695, 3.04042023675"
39,2018,0340109J,Collège les Garrigues,Montpellier,34,2,"43.6426440098, 3.8170897104"
633,2018,0341424N,Collège Louise Michel,Ganges,34,3,"43.9366236246, 3.7052504937"
626,2018,0301746K,Collège Via Domitia,Manduel,30,3,"43.8180264011, 4.48825017339"
622,2018,0301010K,Collège Jules Vallès,Nîmes,30,3,"43.8588460926, 4.39110910066"
621,2018,0300059B,Collège Jules Verne,Nîmes,30,3,"43.8296391511, 4.34296054205"
615,2018,0110015G,Collège Jean Baptiste Bieules,Couiza,11,3,"42.9407637127, 2.25507021071"
26,2018,0110870L,Collège Antoine Pons,Chalabre,11,2,"42.9851089045, 2.00497993951"
28,2018,0300031W,Collège George Ville,Pont-Saint-Esprit,30,2,"44.2562769196, 4.64588054318"
640,2018,0660521H,Collège Pablo Casals,Cabestany,66,3,"42.6764094572, 2.94332002109"
619,2018,0300036B,Collège Armand Coussens,Saint-Ambroix,30,2,"44.2591054169, 4.19778969588"
231,2018,0301245R,Collège Lou Castellas,Marguerittes,30,2,"43.8643880293, 4.44129998288"
236,2018,0340111L,Collège Clémenceau,Montpellier,34,2,"43.6021807686, 3.8731804287"
844,2018,0480017H,Collège Odilon Barrot,Villefort,48,2,"44.4409467285, 3.92705994902"
848,2018,0660480N,Collège Jean Moulin,Arles-sur-Tech,66,2,"42.4571318685, 2.63197039146"
428,2018,0301098F,Collège les Oliviers,Nîmes,30,2,"43.8339248311, 4.38472962159"
429,2018,0301209B,Collège les Fontaines,Bouillargues,30,2,"43.8003340623, 4.43454976935"
624,2018,0301282F,Collège Elsa Triolet,Beaucaire,30,2,"43.8104670616, 4.62201018325"
37,2018,0340031Z,Collège Frédéric Mistral,Lunel,34,2,"43.6719380834, 4.12396000143"
823,2018,0301325C,Collège Henri Pitot,Aramon,30,2,"43.8882210597, 4.67947010181"
825,2018,0301721H,Collège Jean Louis Trintignant,Uzès,30,2,"44.028519592, 4.41477035441"
630,2018,0340996Y,Collège les Escholiers de la Mosson,Montpellier,34,2,"43.6337390636, 3.82164956652"
432,2018,0340032A,Collège les Arbourys,Magalas,34,2,"43.4705426287, 3.22338016058"
641,2018,0660522J,Collège Marcel Pagnol,Perpignan,66,2,"42.7121514378, 2.88187030741"
639,2018,0660431K,Collège Le Riberal,Saint-Estève,66,2,"42.7086982816, 2.83931047208"
435,2018,0341537L,Collège Frédéric Mistral,Pérols,34,2,"43.5612534507, 3.94976954923"
638,2018,0660029Y,Collège Joseph Calvet,Saint-Paul-de-Fenouillet,66,2,"42.8087998589, 2.50565044347"
830,2018,0340086J,Collège Frédéric Bazille,Castelnau-le-Lez,34,2,"43.6339667949, 3.90880976798"
634,2018,0341764H,Collège François Villon,Saint-Gély-du-Fesc,34,2,"43.6926718053, 3.79933962463"
831,2018,0340973Y,Collège Jean Jaurès,Mèze,34,2,"43.4266806349, 3.60220978092"
632,2018,0341364Y,Collège Gérard Philipe,Montpellier,34,2,"43.5973433958, 3.88440958533"
440,2018,0342224H,Collège Olympe de Gouges,Loupian,34,2,"43.4477739876, 3.6074897953"
443,2018,0660634F,Collège Climatique et Sportif,Font-Romeu-Odeillo-Via,66,2,"42.5150970307, 2.03995955126"
252,2018,0660018L,Collège Madame de Sévigné,Perpignan,66,2,"42.6842308397, 2.88608980902"
251,2018,0660016J,Collège la Garrigole,Perpignan,66,2,"42.6948472397, 2.86727657243"
250,2018,0660008A,Collège Pierre Fouché,Ille-sur-Têt,66,2,"42.6674347127, 2.61739054467"
246,2018,0342266D,Collège Françoise Combes,Montpellier,34,2,"43.6205154588, 3.8785601443"
245,2018,0342051V,Collège Vincent Badie,Montarnaud,34,2,"43.6346868173, 3.69295972433"
242,2018,0341421K,Collège Joffre,Montpellier,34,2,"43.6117701665, 3.88673979066"
238,2018,0341030K,Collège Camille Claudel,Montpellier,34,2,"43.6165476424, 3.86244060701"
235,2018,0340110K,Collège Pic Saint Loup,Saint-Clément-de-Rivière,34,2,"43.6817773311, 3.84701056038"
852,2018,0660848N,Collège Alice et Jean Olibo,Saint-Cyprien,66,1,"42.6230964794, 3.00866033295"
237,2018,0340117T,Collège Paul Dardé,Lodève,34,1,"43.7312528727, 3.30945029518"
841,2018,0480004U,Collège Marthe Dupeyron,Langogne,48,2,"44.7235510008, 3.85283017106"
625,2018,0301670C,Collège Frédéric Desmons,Saint-Geniès-de-Malgoirès,30,1,"43.9446156949, 4.22176967663"
240,2018,0341280G,Collège les Pins,Castries,34,1,"43.6830372278, 3.98875955951"
635,2018,0342052W,Collège Simone de Beauvoir,Frontignan,34,1,"43.4295170364, 3.73652058744"
232,2018,0301327E,Collège Gérard Philipe,Bagnols-sur-Cèze,30,1,"44.1618283977, 4.61622996246"
233,2018,0301747L,Collège,Lédignan,30,1,"43.9840086522, 4.10706037412"
239,2018,0341032M,Collège René Cassin,Agde,34,1,"43.3118517001, 3.48133007845"
826,2018,0340024S,Collège Voltaire,Florensac,34,1,"43.386879459, 3.46471973603"
827,2018,0340025T,Collège les Deux Pins,Frontignan,34,1,"43.4538921201, 3.75115012585"
629,2018,0340837A,Collège Jean Bene,Pézenas,34,1,"43.4585837695, 3.41668045009"
628,2018,0340037F,Collège Jules Ferry,Montagnac,34,1,"43.4821299204, 3.48096033689"
627,2018,0340034C,Collège Roger Contrepas,Marsillargues,34,1,"43.6674224763, 4.17421008"
248,2018,0480006W,Collège Sport Nature,La Canourgue,48,1,"44.4304664308, 3.21929027799"
249,2018,0480607Z,Collège Henri Bourrillon,Mende,48,1,"44.5205651008, 3.50662969844"
22,2018,0110003U,Collège de l'Alaric,Capendu,11,1,"43.1859084897, 2.56341995244"
244,2018,0341893Y,Collège Paul Émile Victor,Agde,34,1,"43.3022597724, 3.48527038242"
253,2018,0660028X,Collège Jean Mermoz,Saint-Laurent-de-la-Salanque,66,1,"42.7715648368, 2.98475020405"
847,2018,0660051X,Collège Albert Camus,Perpignan,66,1,"42.6911542142, 2.9090199574"
846,2018,0660049V,Collège Jean Moulin,Perpignan,66,1,"42.6969467289, 2.899559487"
45,2018,0341577E,Collège Le Bérange,Baillargues,34,1,"43.6670767331, 4.02226955004"
49,2018,0660019M,Collège Saint Exupéry,Perpignan,66,1,"42.6809404657, 2.90278705816"
53,2018,0660865G,Collège Pierre Mendès France,Saint-André,66,1,"42.5541189497, 2.96351977326"
623,2018,0301208A,Collège Eugène Vigné,Beaucaire,30,1,"43.8104662202, 4.6377803152"
833,2018,0341028H,Collège Georges Brassens,Lattes,34,1,"43.5669672693, 3.8996797337"
834,2018,0341705U,Collège Alain Savary,Saint-Mathieu-de-Tréviers,34,1,"43.7625738486, 3.86340969268"
620,2018,0300055X,Collège Bernard de Ventadour,Bagnols-sur-Cèze,30,1,"44.1625564528, 4.61367940487"
44,2018,0341387Y,Collège Alfred Crouzet,Servian,34,1,"43.4237809859, 3.30698015302"
617,2018,0110672W,Collège Jules Verne,Carcassonne,11,1,"43.2174450571, 2.35158998458"
836,2018,0342050U,Collège Françoise Giroud,Vendres,34,1,"43.2702388366, 3.23120964337"
849,2018,0660523K,Collège Paul Langevin,Elne,66,1,"42.6133158471, 2.9781896986"
850,2018,0660600U,Collège Cerdanya,Bourg-Madame,66,1,"42.4348677189, 1.94906024422"
851,2018,0660653B,Collège Jules Verne,Le Soler,66,1,"42.6788324315, 2.78077044178"
838,2018,0342077Y,Collège Ray Charles,Fabrègues,34,1,"43.5608737832, 3.78969007423"
843,2018,0480014E,Collège UPP Pierre Delmas,Sainte-Enimie,48,1,"44.3669528713, 3.41120962813"
41,2018,0341065Y,Collège Jean Moulin,Sète,34,1,"43.4153654872, 3.67108004392"
40,2018,0340119V,Collège Ferdinand Fabre,Bédarieux,34,1,"43.6109247059, 3.15462945714"
824,2018,0301326D,Collège André Chamson,Le Vigan,30,1,"43.989870598, 3.60065939066"
444,2018,0660864F,Collège François Mitterrand,Toulouges,66,1,"42.6654908741, 2.8406905042"
36,2018,0301827Y,Collège Federico Garcia Lorca,Bellegarde,30,1,"43.7507318849, 4.49710961267"
225,2018,0110859Z,Collège Joseph Delteil,Limoux,11,1,"43.0641830596, 2.21530968734"
226,2018,0300037C,Collège Jean Vilar,Saint-Gilles,30,1,"43.6857190477, 4.43333951677"
637,2018,0660007Z,Collège Irène Joliot Curie,Estagel,66,1,"42.7703572832, 2.69483024839"
832,2018,0340974Z,Collège Emmanuel Maffre Baugé,Paulhan,34,1,"43.5407317335, 3.45764059763"
216,2018,0110010B,Collège André Chénier,Carcassonne,11,1,"43.2122787954, 2.34931008288"
442,2018,0660022R,Collège Gustave Violet,Prades,66,3,"42.619996072, 2.41849051273"
27,2018,0300025P,Collège Romain Rolland,Nîmes,30,1,"43.8446529432, 4.39021018203"
31,2018,0300947S,Collège Alphonse Daudet,Alès,30,1,"44.1352924236, 4.08584945806"
33,2018,0301211D,Collège Le Bosquet,Bagnols-sur-Cèze,30,1,"44.1557122462, 4.62073028788"
24,2018,0110674Y,Collège Gaston Bonheur,Trèbes,11,1,"43.2096146282, 2.45349998889"
828,2018,0340057C,Collège Antoine Fauré,Olonzac,34,1,"43.2819795951, 2.72991000174"
29,2018,0300050S,Collège La Garriguette,Vergèze,30,1,"43.7485520964, 4.22501990075"
218,2018,0110026U,Collège Jules Ferry,Narbonne,11,1,"43.1789454566, 3.00081979452"
23,2018,0110037F,Collège Alain,Carcassonne,11,1,"43.2109519063, 2.33162942174"
35,2018,0301723K,Collège Théodore Monod,Clarensac,30,1,"43.826028832, 4.23046940861"
829,2018,0340063J,Collège Louis Cahuzac,Quarante,34,1,"43.3442586389, 2.96429025336"
223,2018,0110724C,Collège des Corbières Maritimes,Sigean,11,1,"43.023961596, 2.98093039251"
224,2018,0110810W,Collège de Grazailles,Carcassonne,11,1,"43.2243470524, 2.35215950467"
219,2018,0110067N,Collège les Mailheuls,Coursan,11,1,"43.2319006101, 3.06104029549"
643,2019,0110010B,Collège André Chénier,Carcassonne,11,1,"43.2122787954, 2.34931008288"
257,2019,0110675Z,Collège Michel Bousquié,Quillan,11,2,"42.876164008, 2.17579041988"
259,2019,0110825M,Collège les Fontanilles,Castelnaudary,11,2,"43.3181114475, 1.94445047802"
260,2019,0110870L,Collège Antoine Pons,Chalabre,11,2,"42.9851089045, 2.00497993951"
262,2019,0300016E,Collège de la Regordane,Génolhac,30,2,"44.3495919152, 3.94858022887"
264,2019,0300043J,Collège Jean Baptiste Dumas,Salindres,30,2,"44.1664128318, 4.16061997374"
256,2019,0110067N,Collège les Mailheuls,Coursan,11,1,"43.2319006101, 3.06104029549"
255,2019,0110037F,Collège Alain,Carcassonne,11,2,"43.2109519063, 2.33162942174"
261,2019,0300001N,Collège Irène Joliot Curie,Aigues-Mortes,30,1,"43.5676500654, 4.20215017098"
274,2019,0301747L,Collège,Lédignan,30,1,"43.9840086522, 4.10706037412"
476,2019,0660019M,Collège Saint Exupéry,Perpignan,66,2,"42.6809404657, 2.90278705816"
263,2019,0300039E,Collège de la Galaberte,Saint-Hippolyte-du-Fort,30,1,"43.9631396836, 3.85859982594"
278,2019,0341028H,Collège Georges Brassens,Lattes,34,1,"43.5669672693, 3.8996797337"
273,2019,0301656M,Collège Claudie Haigneré,Rochefort-du-Gard,30,1,"43.9738250696, 4.677720001"
61,2019,0300059B,Collège Jules Verne,Nîmes,30,3,"43.8296391511, 4.34296054205"
266,2019,0301012M,Collège Léo Larguier,La Grand-Combe,30,2,"44.2101391558, 4.03036051229"
75,2019,0341321B,Collège Katia et Maurice Krafft,Béziers,34,2,"43.3368266518, 3.249580225"
74,2019,0341278E,Collège Arthur Rimbaud,Montpellier,34,2,"43.6166769762, 3.82158973055"
70,2019,0340034C,Collège Roger Contrepas,Marsillargues,34,2,"43.6674224763, 4.17421008"
66,2019,0301325C,Collège Henri Pitot,Aramon,30,2,"43.8882210597, 4.67947010181"
62,2019,0301098F,Collège les Oliviers,Nîmes,30,2,"43.8339248311, 4.38472962159"
56,2019,0110025T,Collège Cité,Narbonne,11,3,"43.1871871048, 3.00827041122"
653,2019,0301232B,Collège Gaston Doumergue,Sommières,30,3,"43.7847374416, 4.08325039108"
642,2019,0110003U,Collège de l'Alaric,Capendu,11,2,"43.1859084897, 2.56341995244"
477,2019,0660030Z,Collège Pierre Moréto,Thuir,66,2,"42.6336129412, 2.7594402717"
68,2019,0340025T,Collège les Deux Pins,Frontignan,34,1,"43.4538921201, 3.75115012585"
457,2019,0301096D,Collège la Vallée Verte,Vauvert,30,1,"43.6876211755, 4.27148012771"
58,2019,0110674Y,Collège Gaston Bonheur,Trèbes,11,1,"43.2096146282, 2.45349998889"
67,2019,0301723K,Collège Théodore Monod,Clarensac,30,1,"43.826028832, 4.23046940861"
60,2019,0300020J,Collège Antoine Deparcieux,Le Martinet,30,1,"44.252830676, 4.08464044227"
63,2019,0301208A,Collège Eugène Vigné,Beaucaire,30,1,"43.8104662202, 4.6377803152"
853,2019,0110665N,Collège Varsovie,Carcassonne,11,2,"43.2137760413, 2.34773990008"
64,2019,0301211D,Collège Le Bosquet,Bagnols-sur-Cèze,30,1,"44.1557122462, 4.62073028788"
65,2019,0301283G,Collège Lou Redounet,Uzès,30,1,"44.0090604673, 4.4137097897"
675,2019,0660648W,Collège la Côte Radieuse,Canet-en-Roussillon,66,2,"42.7051558749, 2.99772032008"
674,2019,0660480N,Collège Jean Moulin,Arles-sur-Tech,66,2,"42.4571318685, 2.63197039146"
673,2019,0660029Y,Collège Joseph Calvet,Saint-Paul-de-Fenouillet,66,2,"42.8087998589, 2.50565044347"
671,2019,0480017H,Collège Odilon Barrot,Villefort,48,2,"44.4409467285, 3.92705994902"
670,2019,0480011B,Collège André Chamson,Meyrueis,48,2,"44.1799498461, 3.43142941984"
475,2019,0660016J,Collège la Garrigole,Perpignan,66,2,"42.6948472397, 2.86727657243"
668,2019,0342186S,Collège Max Rouquette,Saint-André-de-Sangonis,34,2,"43.6546699449, 3.49792022235"
666,2019,0341421K,Collège Joffre,Montpellier,34,2,"43.6117701665, 3.88673979066"
663,2019,0341280G,Collège les Pins,Castries,34,2,"43.6830372278, 3.98875955951"
662,2019,0341065Y,Collège Jean Moulin,Sète,34,2,"43.4153654872, 3.67108004392"
661,2019,0341030K,Collège Camille Claudel,Montpellier,34,2,"43.6165476424, 3.86244060701"
659,2019,0340119V,Collège Ferdinand Fabre,Bédarieux,34,2,"43.6109247059, 3.15462945714"
656,2019,0340021N,Collège Jules Ferry,Cazouls-lès-Béziers,34,2,"43.3898154424, 3.1016801846"
651,2019,0300062E,Collège Capouchiné,Nîmes,30,2,"43.8224816364, 4.35695996915"
649,2019,0300037C,Collège Jean Vilar,Saint-Gilles,30,2,"43.6857190477, 4.43333951677"
647,2019,0110810W,Collège de Grazailles,Carcassonne,11,2,"43.2243470524, 2.35215950467"
645,2019,0110666P,Collège Le Bastion,Carcassonne,11,2,"43.2164456747, 2.34890030778"
57,2019,0110672W,Collège Jules Verne,Carcassonne,11,2,"43.2174450571, 2.35158998458"
287,2019,0660012E,Collège Joseph Sébastien Pons,Perpignan,66,1,"42.7197414277, 2.89175023197"
280,2019,0341387Y,Collège Alfred Crouzet,Servian,34,1,"43.4237809859, 3.30698015302"
657,2019,0340062H,Collège Via Domitia,Poussan,34,2,"43.4861817938, 3.66554039336"
667,2019,0341577E,Collège Le Bérange,Baillargues,34,2,"43.6670767331, 4.02226955004"
72,2019,0340109J,Collège les Garrigues,Montpellier,34,3,"43.6426440098, 3.8170897104"
275,2019,0340053Y,Collège Croix d'Argent,Montpellier,34,3,"43.5901236713, 3.86672053586"
83,2019,0660008A,Collège Pierre Fouché,Ille-sur-Têt,66,3,"42.6674347127, 2.61739054467"
652,2019,0300947S,Collège Alphonse Daudet,Alès,30,1,"44.1352924236, 4.08584945806"
282,2019,0342224H,Collège Olympe de Gouges,Loupian,34,2,"43.4477739876, 3.6074897953"
288,2019,0660038H,Collège de la Côte Vermeille,Port-Vendres,66,2,"42.520036821, 3.10255948226"
292,2019,0660866H,Collège Jean Rous,Pia,66,2,"42.7401372813, 2.92554017198"
271,2019,0301326D,Collège André Chamson,Le Vigan,30,2,"43.989870598, 3.60065939066"
272,2019,0301327E,Collège Gérard Philipe,Bagnols-sur-Cèze,30,2,"44.1618283977, 4.61622996246"
276,2019,0340086J,Collège Frédéric Bazille,Castelnau-le-Lez,34,2,"43.6339667949, 3.90880976798"
277,2019,0340996Y,Collège les Escholiers de la Mosson,Montpellier,34,2,"43.6337390636, 3.82164956652"
474,2019,0660007Z,Collège Irène Joliot Curie,Estagel,66,1,"42.7703572832, 2.69483024839"
877,2019,0480002S,Collège Henri Gamala,Le Collet-de-Dèze,48,3,"44.2458831779, 3.91986047952"
878,2019,0480005V,Collège Marcel Pierrel,Marvejols,48,3,"44.5569078111, 3.29316011116"
862,2019,0300141R,Collège Condorcet,Nîmes,30,3,"43.8276608398, 4.33614977357"
859,2019,0300031W,Collège George Ville,Pont-Saint-Esprit,30,3,"44.2562769196, 4.64588054318"
864,2019,0301282F,Collège Elsa Triolet,Beaucaire,30,3,"43.8104670616, 4.62201018325"
59,2019,0111051H,Collège Rosa Parks,Lézignan-Corbières,11,3,"43.184518864, 2.7595799942"
865,2019,0301746K,Collège Via Domitia,Manduel,30,3,"43.8180264011, 4.48825017339"
258,2019,0110725D,Collège la Nadière,Port-la-Nouvelle,11,3,"43.0152938287, 3.0473402655"
293,2019,0660925X,Collège Christian Bourquin,Millas,66,3,"42.6864276173, 2.68759941973"
291,2019,0660601V,Collège Jean Amade,Céret,66,3,"42.4868710371, 2.75436022644"
290,2019,0660522J,Collège Marcel Pagnol,Perpignan,66,3,"42.7121514378, 2.88187030741"
289,2019,0660521H,Collège Pablo Casals,Cabestany,66,3,"42.6764094572, 2.94332002109"
265,2019,0300929X,Collège du Mont Duplan,Nîmes,30,3,"43.8433058201, 4.36424053265"
286,2019,0480013D,Collège Haut Gévaudan,Saint-Chély-d'Apcher,48,3,"44.8073524329, 3.26968062011"
268,2019,0301213F,Collège Paul Valéry,Roquemaure,30,3,"44.0480398242, 4.78033053981"
285,2019,0480006W,Collège Sport Nature,La Canourgue,48,3,"44.4304664308, 3.21929027799"
284,2019,0480004U,Collège Marthe Dupeyron,Langogne,48,3,"44.7235510008, 3.85283017106"
283,2019,0480001R,Collège Henri Rouvière,Le Bleymard,48,3,"44.4893577861, 3.73783029606"
269,2019,0301245R,Collège Lou Castellas,Marguerittes,30,3,"43.8643880293, 4.44129998288"
281,2019,0341705U,Collège Alain Savary,Saint-Mathieu-de-Tréviers,34,3,"43.7625738486, 3.86340969268"
279,2019,0341368C,Collège de l'Étang de l'Or,Mauguio,34,3,"43.6126507357, 4.00806047562"
874,2019,0341825Z,Collège Ambrussum,Lunel,34,3,"43.6876054742, 4.13410022864"
650,2019,0300050S,Collège La Garriguette,Vergèze,30,1,"43.7485520964, 4.22501990075"
648,2019,0300033Y,Collège Voltaire,Remoulins,30,1,"43.9391477432, 4.57085010929"
672,2019,0660017K,Collège Jean Macé,Perpignan,66,1,"42.6952140275, 2.8876601781"
76,2019,0341764H,Collège François Villon,Saint-Gély-du-Fesc,34,2,"43.6926718053, 3.79933962463"
84,2019,0660022R,Collège Gustave Violet,Prades,66,3,"42.619996072, 2.41849051273"
77,2019,0342050U,Collège Françoise Giroud,Vendres,34,2,"43.2702388366, 3.23120964337"
270,2019,0301284H,Collège Jean Rostand,Nîmes,30,3,"43.8453349382, 4.3436104753"
80,2019,0480003T,Collège des Trois Vallées,Florac,48,2,"44.3219028103, 3.59757997599"
82,2019,0480607Z,Collège Henri Bourrillon,Mende,48,2,"44.5205651008, 3.50662969844"
86,2019,0660037G,Collège Joffre,Rivesaltes,66,2,"42.767749446, 2.87938008707"
88,2019,0660848N,Collège Alice et Jean Olibo,Saint-Cyprien,66,2,"42.6230964794, 3.00866033295"
78,2019,0342051V,Collège Vincent Badie,Montarnaud,34,2,"43.6346868173, 3.69295972433"
646,2019,0110721Z,Collège Antoine Courrière,Cuxac-Cabardès,11,1,"43.3618712596, 2.26580041102"
660,2019,0340998A,Collège Jeu de Mail,Montpellier,34,1,"43.6271574265, 3.86539973395"
267,2019,0301013N,Collège Jean Moulin,Alès,30,2,"44.13184497, 4.07762997317"
644,2019,0110015G,Collège Jean Baptiste Bieules,Couiza,11,3,"42.9407637127, 2.25507021071"
658,2019,0340111L,Collège Clémenceau,Montpellier,34,3,"43.6021807686, 3.8731804287"
664,2019,0341366A,Collège du Salagou,Clermont-l'Hérault,34,3,"43.6341692684, 3.43125035714"
665,2019,0341367B,Collège Paul Bert,Capestang,34,3,"43.329458695, 3.04042023675"
669,2019,0342326U,Collège Boby Lapointe,Roujan,34,3,"43.505481603, 3.31503938511"
873,2019,0341424N,Collège Louise Michel,Ganges,34,1,"43.9366236246, 3.7052504937"
445,2019,0110021N,Collège Victor Hugo,Narbonne,11,2,"43.1878051934, 3.00615001634"
447,2019,0110676A,Collège Saint Exupéry,Bram,11,2,"43.2391799899, 2.11086056286"
453,2019,0300055X,Collège Bernard de Ventadour,Bagnols-sur-Cèze,30,2,"44.1625564528, 4.61367940487"
459,2019,0301670C,Collège Frédéric Desmons,Saint-Geniès-de-Malgoirès,30,2,"43.9446156949, 4.22176967663"
462,2019,0340031Z,Collège Frédéric Mistral,Lunel,34,2,"43.6719380834, 4.12396000143"
854,2019,0110667R,Collège Pierre et Marie Curie,Rieux-Minervois,11,1,"43.2816347265, 2.58131002347"
467,2019,0341277D,Collège les Aiguerelles,Montpellier,34,2,"43.5975367249, 3.89212977987"
885,2019,0660634F,Collège Climatique et Sportif,Font-Romeu-Odeillo-Via,66,2,"42.5150970307, 2.03995955126"
470,2019,0341826A,Collège François Mitterrand,Clapiers,34,2,"43.6530326337, 3.8955996619"
883,2019,0660523K,Collège Paul Langevin,Elne,66,2,"42.6133158471, 2.9781896986"
71,2019,0340037F,Collège Jules Ferry,Montagnac,34,1,"43.4821299204, 3.48096033689"
654,2019,0301246S,Collège la Gardonnenque,Brignon,30,1,"43.974322734, 4.21295996157"
655,2019,0301671D,Collège Le Vignet,Calvisson,30,1,"43.7831648894, 4.20125983579"
468,2019,0341363X,Collège de la Voie Domitienne,Le Crès,34,2,"43.6479920098, 3.93101951031"
79,2019,0342131G,Collège François Rabelais,Montpellier,34,2,"43.6260229991, 3.83347044839"
69,2019,0340032A,Collège les Arbourys,Magalas,34,2,"43.4705426287, 3.22338016058"
85,2019,0660028X,Collège Jean Mermoz,Saint-Laurent-de-la-Salanque,66,1,"42.7715648368, 2.98475020405"
454,2019,0300946R,Collège Révolution,Nîmes,30,3,"43.8411277221, 4.35535964864"
464,2019,0340051W,Collège Fontcarrade,Montpellier,34,3,"43.6075877251, 3.85417007214"
461,2019,0301816L,Collège Claude Chappe,Gallargues-le-Montueux,30,1,"43.7180458029, 4.17628042313"
472,2019,0342076X,Collège de la Petite Camargue,Lansargues,34,3,"43.6548701317, 4.08186989454"
876,2019,0342130F,Collège Pierre Deley,Marseillan,34,1,"43.3636032312, 3.52046025283"
455,2019,0301010K,Collège Ada Lovelace,Nîmes,30,3,"43.8588460926, 4.39110910066"
857,2019,0111015U,Collège Marcelin Albert,Saint-Nazaire-d'Aude,11,2,"43.2557196651, 2.90897034676"
871,2019,0340974Z,Collège Emmanuel Maffre Baugé,Paulhan,34,2,"43.5407317335, 3.45764059763"
473,2019,0342077Y,Collège Ray Charles,Fabrègues,34,1,"43.5608737832, 3.78969007423"
466,2019,0341032M,Collège René Cassin,Agde,34,1,"43.3118517001, 3.48133007845"
884,2019,0660600U,Collège Cerdanya,Bourg-Madame,66,1,"42.4348677189, 1.94906024422"
87,2019,0660049V,Collège Jean Moulin,Perpignan,66,1,"42.6969467289, 2.899559487"
870,2019,0340955D,Collège Simone Veil,Montpellier,34,2,"43.6180403594, 3.84792979907"
882,2019,0660431K,Collège Le Riberal,Saint-Estève,66,2,"42.7086982816, 2.83931047208"
858,2019,0300006U,Collège Florian,Anduze,30,2,"44.053275465, 3.98381045633"
856,2019,0110724C,Collège des Corbières Maritimes,Sigean,11,2,"43.023961596, 2.98093039251"
866,2019,0301827Y,Collège Fédérico Garcia Lorca,Bellegarde,30,2,"43.7507318849, 4.49710961267"
872,2019,0341388Z,Collège Marcel Pagnol,Sérignan,34,2,"43.2761956341, 3.27145043447"
867,2019,0340057C,Collège Antoine Fauré,Olonzac,34,2,"43.2819795951, 2.72991000174"
868,2019,0340063J,Collège Louis Cahuzac,Quarante,34,2,"43.3442586389, 2.96429025336"
869,2019,0340110K,Collège Pic Saint Loup,Saint-Clément-de-Rivière,34,2,"43.6817773311, 3.84701056038"
879,2019,0480015F,Collège Achille Rousson,Saint-Étienne-Vallée-Française,48,2,"44.1664542311, 3.84200964175"
456,2019,0301014P,Collège Denis Diderot,Alès,30,3,"44.1328062981, 4.07873052994"
863,2019,0301214G,Collège du Mourion,Villeneuve-lès-Avignon,30,2,"43.9762220762, 4.78356042514"
458,2019,0301209B,Collège les Fontaines,Bouillargues,30,3,"43.8003340623, 4.43454976935"
478,2019,0660864F,Collège François Mitterrand,Toulouges,66,3,"42.6654908741, 2.8406905042"
471,2019,0342036D,Collège Pierre Mendès France,Jacou,34,3,"43.6671893915, 3.91074972156"
73,2019,0340118U,Collège Henri IV,Béziers,34,1,"43.3437274675, 3.21021014725"
460,2019,0301721H,Collège Jean Louis Trintignant,Uzès,30,3,"44.028519592, 4.41477035441"
451,2019,0300025P,Collège Romain Rolland,Nîmes,30,1,"43.8446529432, 4.39021018203"
855,2019,0110686L,Collège Joseph Anglade,Lézignan-Corbières,11,2,"43.196809464, 2.76527043622"
450,2019,0300013B,Collège Le Castellas,Bessèges,30,1,"44.2934511404, 4.09540034382"
465,2019,0340972X,Collège Victor Hugo,Sète,34,1,"43.4084449513, 3.70024943939"
469,2019,0341364Y,Collège Gérard Philipe,Montpellier,34,3,"43.5973433958, 3.88440958533"
676,2019,0660653B,Collège Jules Verne,Le Soler,66,2,"42.6788324315, 2.78077044178"
860,2019,0300032X,Collège de Coutach,Quissac,30,2,"43.9134526084, 3.99461994587"
89,2019,0660865G,Collège Pierre Mendès France,Saint-André,66,1,"42.5541189497, 2.96351977326"
448,2019,0110788X,Collège Montesquieu,Narbonne,11,1,"43.1934084556, 3.01872967957"
449,2019,0110859Z,Collège Joseph Delteil,Limoux,11,1,"43.0641830596, 2.21530968734"
446,2019,0110026U,Collège Jules Ferry,Narbonne,11,1,"43.1789454566, 3.00081979452"
881,2019,0660051X,Collège Albert Camus,Perpignan,66,2,"42.6911542142, 2.9090199574"
81,2019,0480014E,Collège UPP Pierre delmas,Sainte-Enimie,48,1,"44.3669528713, 3.41120962813"
452,2019,0300042H,Collège Marceau Lapierre,Saint-Jean-du-Gard,30,1,"44.1089710382, 3.88933994461"
880,2019,0660018L,Collège Madame de Sévigné,Perpignan,66,2,"42.6842308397, 2.88608980902"
463,2019,0340048T,Collège Clémence Royer,Montpellier,34,1,"43.6153374834, 3.87603975368"
861,2019,0300036B,Collège Armand Coussens,Saint-Ambroix,30,2,"44.2591054169, 4.19778969588"
875,2019,0341870Y,Collège Marie Curie,Pignan,34,2,"43.5795881698, 3.76382057356"
901,2020,0340057C,Collège Antoine Fauré,Olonzac,34,2,"43.2819795951, 2.72991000174"
108,2020,0341277D,Collège les Aiguerelles,Montpellier,34,2,"43.5975367249, 3.89212977987"
493,2020,0301670C,Collège Frédéric Desmons,Saint-Geniès-de-Malgoirès,30,2,"43.9446156949, 4.22176967663"
887,2020,0110026U,Collège Jules Ferry,Narbonne,11,2,"43.1789454566, 3.00081979452"
888,2020,0110068P,Collège Georges Brassens,Narbonne,11,2,"43.1861949153, 2.97425005916"
109,2020,0341278E,Collège Arthur Rimbaud,Montpellier,34,2,"43.6166769762, 3.82158973055"
894,2020,0301013N,Collège Jean Moulin,Alès,30,2,"44.13184497, 4.07762997317"
110,2020,0341364Y,Collège Gérard Philipe,Montpellier,34,2,"43.5973433958, 3.88440958533"
895,2020,0301098F,Collège les Oliviers,Nîmes,30,2,"43.8339248311, 4.38472962159"
111,2020,0341388Z,Collège Marcel Pagnol,Sérignan,34,2,"43.2761956341, 3.27145043447"
318,2020,0341280G,Collège les Pins,Castries,34,2,"43.6830372278, 3.98875955951"
112,2020,0341537L,Collège Frédéric Mistral,Pérols,34,2,"43.5612534507, 3.94976954923"
917,2020,0660018L,Collège Madame de Sévigné,Perpignan,66,2,"42.6842308397, 2.88608980902"
918,2020,0660634F,Collège Climatique et Sportif,Font-Romeu-Odeillo-Via,66,2,"42.5150970307, 2.03995955126"
115,2020,0480017H,Collège Odilon Barrot,Villefort,48,2,"44.4409467285, 3.92705994902"
919,2020,0660848N,Collège Alice et Jean Olibo,Saint-Cyprien,66,2,"42.6230964794, 3.00866033295"
328,2020,0660038H,Collège de la Côte Vermeille,Port-Vendres,66,2,"42.520036821, 3.10255948226"
678,2020,0110011C,Collège Blaise d'Auriol,Castelnaudary,11,1,"43.3163356798, 1.95829006889"
886,2020,0110003U,Collège de l'Alaric,Capendu,11,2,"43.1859084897, 2.56341995244"
91,2020,0110675Z,Collège Michel Bousquié,Quillan,11,2,"42.876164008, 2.17579041988"
897,2020,0301327E,Collège Gérard Philipe,Bagnols-sur-Cèze,30,2,"44.1618283977, 4.61622996246"
902,2020,0340062H,Collège Via Domitia,Poussan,34,2,"43.4861817938, 3.66554039336"
502,2020,0480003T,Collège des Trois Vallées,Florac,48,2,"44.3219028103, 3.59757997599"
900,2020,0340034C,Collège Roger Contrepas,Marsillargues,34,2,"43.6674224763, 4.17421008"
707,2020,0342326U,Collège Boby Lapointe,Roujan,34,3,"43.505481603, 3.31503938511"
485,2020,0300033Y,Collège Voltaire,Remoulins,30,2,"43.9391477432, 4.57085010929"
494,2020,0301671D,Collège Le Vignet,Calvisson,30,2,"43.7831648894, 4.20125983579"
500,2020,0341893Y,Collège Paul Émile Victor,Agde,34,2,"43.3022597724, 3.48527038242"
679,2020,0110025T,Collège Cité,Narbonne,11,3,"43.1871871048, 3.00827041122"
684,2020,0110810W,Collège de Grazailles,Carcassonne,11,3,"43.2243470524, 2.35215950467"
687,2020,0300025P,Collège Romain Rolland,Nîmes,30,3,"43.8446529432, 4.39021018203"
484,2020,0300032X,Collège de Coutach,Quissac,30,2,"43.9134526084, 3.99461994587"
688,2020,0300141R,Collège Condorcet,Nîmes,30,3,"43.8276608398, 4.33614977357"
496,2020,0340032A,Collège les Arbourys,Magalas,34,2,"43.4705426287, 3.22338016058"
102,2020,0301827Y,Collège Fédérico Garcia Lorca,Bellegarde,30,2,"43.7507318849, 4.49710961267"
690,2020,0301010K,Collège Ada Lovelace,Nîmes,30,3,"43.8588460926, 4.39110910066"
696,2020,0340051W,Collège Fontcarrade,Montpellier,34,3,"43.6075877251, 3.85417007214"
704,2020,0342036D,Collège Pierre Mendès France,Jacou,34,3,"43.6671893915, 3.91074972156"
487,2020,0300062E,Collège Capouchiné,Nîmes,30,2,"43.8224816364, 4.35695996915"
489,2020,0301214G,Collège du Mourion,Villeneuve-lès-Avignon,30,2,"43.9762220762, 4.78356042514"
905,2020,0340110K,Collège Pic Saint Loup,Saint-Clément-de-Rivière,34,2,"43.6817773311, 3.84701056038"
99,2020,0301012M,Collège Léo Larguier,La Grand-Combe,30,2,"44.2101391558, 4.03036051229"
906,2020,0340998A,Collège Jeu de Mail,Montpellier,34,2,"43.6271574265, 3.86539973395"
907,2020,0341030K,Collège Camille Claudel,Montpellier,34,2,"43.6165476424, 3.86244060701"
98,2020,0300055X,Collège Bernard de Ventadour,Bagnols-sur-Cèze,30,2,"44.1625564528, 4.61367940487"
92,2020,0110676A,Collège Saint Exupéry,Bram,11,2,"43.2391799899, 2.11086056286"
910,2020,0341764H,Collège François Villon,Saint-Gély-du-Fesc,34,2,"43.6926718053, 3.79933962463"
689,2020,0300929X,Collège du Mont Duplan,Nîmes,30,3,"43.8433058201, 4.36424053265"
327,2020,0660037G,Collège Joffre,Rivesaltes,66,2,"42.767749446, 2.87938008707"
320,2020,0341421K,Collège Joffre,Montpellier,34,2,"43.6117701665, 3.88673979066"
317,2020,0340972X,Collège Victor Hugo,Sète,34,2,"43.4084449513, 3.70024943939"
96,2020,0300039E,Collège de la Galaberte,Saint-Hippolyte-du-Fort,30,1,"43.9631396836, 3.85859982594"
95,2020,0300013B,Collège Le Castellas,Bessèges,30,1,"44.2934511404, 4.09540034382"
691,2020,0301208A,Collège Eugène Vigné,Beaucaire,30,1,"43.8104662202, 4.6377803152"
307,2020,0301232B,Collège Gaston Doumergue,Sommières,30,3,"43.7847374416, 4.08325039108"
308,2020,0301284H,Collège Jean Rostand,Nîmes,30,3,"43.8453349382, 4.3436104753"
313,2020,0340066M,Collège UPP Bédarieux,Saint-Gervais-sur-Mare,34,3,"43.6531951422, 3.04152960191"
316,2020,0340119V,Collège Ferdinand Fabre,Bédarieux,34,3,"43.6109247059, 3.15462945714"
694,2020,0340016H,Collège la Dullague,Béziers,34,1,"43.3426599739, 3.23330961701"
698,2020,0341032M,Collège René Cassin,Agde,34,1,"43.3118517001, 3.48133007845"
695,2020,0340025T,Collège les Deux Pins,Frontignan,34,1,"43.4538921201, 3.75115012585"
705,2020,0342050U,Collège Françoise Giroud,Vendres,34,1,"43.2702388366, 3.23120964337"
331,2020,0660601V,Collège Jean Amade,Céret,66,3,"42.4868710371, 2.75436022644"
324,2020,0480013D,Collège Haut Gévaudan,Saint-Chély-d'Apcher,48,3,"44.8073524329, 3.26968062011"
323,2020,0480004U,Collège Marthe Dupeyron,Langogne,48,3,"44.7235510008, 3.85283017106"
321,2020,0342076X,Collège de la Petite Camargue,Lansargues,34,3,"43.6548701317, 4.08186989454"
501,2020,0342077Y,Collège Ray Charles,Fabrègues,34,1,"43.5608737832, 3.78969007423"
709,2020,0480014E,Collège UPP Pierre delmas,Sainte-Enimie,48,1,"44.3669528713, 3.41120962813"
692,2020,0301325C,Collège Henri Pitot,Aramon,30,1,"43.8882210597, 4.67947010181"
899,2020,0340021N,Collège Jules Ferry,Cazouls-lès-Béziers,34,1,"43.3898154424, 3.1016801846"
693,2020,0301723K,Collège Théodore Monod,Clarensac,30,1,"43.826028832, 4.23046940861"
113,2020,0342130F,Collège Pierre Deley,Marseillan,34,1,"43.3636032312, 3.52046025283"
124,2020,0660865G,Collège Pierre Mendès France,Saint-André,66,3,"42.5541189497, 2.96351977326"
117,2020,0660017K,Collège Jean Macé,Perpignan,66,1,"42.6952140275, 2.8876601781"
97,2020,0300043J,Collège Jean Baptiste Dumas,Salindres,30,1,"44.1664128318, 4.16061997374"
93,2020,0111051H,Collège Rosa Parks,Lézignan-Corbières,11,3,"43.184518864, 2.7595799942"
101,2020,0301282F,Collège Elsa Triolet,Beaucaire,30,3,"43.8104670616, 4.62201018325"
104,2020,0340111L,Collège Clémenceau,Montpellier,34,3,"43.6021807686, 3.8731804287"
105,2020,0340955D,Collège Simone Veil,Montpellier,34,3,"43.6180403594, 3.84792979907"
106,2020,0340974Z,Collège Emmanuel Maffre Baugé,Paulhan,34,3,"43.5407317335, 3.45764059763"
114,2020,0480001R,Collège Henri Rouvière,Le Bleymard,48,3,"44.4893577861, 3.73783029606"
123,2020,0660521H,Collège Pau Casals,Cabestany,66,3,"42.6764094572, 2.94332002109"
94,2020,0300006U,Collège Florian,Anduze,30,3,"44.053275465, 3.98381045633"
315,2020,0340117T,Collège Paul Dardé,Lodève,34,2,"43.7312528727, 3.30945029518"
100,2020,0301246S,Collège la Gardonnenque,Brignon,30,1,"43.974322734, 4.21295996157"
107,2020,0341028H,Collège Georges Brassens,Lattes,34,1,"43.5669672693, 3.8996797337"
322,2020,0342131G,Collège François Rabelais,Montpellier,34,2,"43.6260229991, 3.83347044839"
916,2020,0660016J,Collège la Garrigole,Perpignan,66,2,"42.6948472397, 2.86727657243"
912,2020,0342224H,Collège Olympe de Gouges,Loupian,34,2,"43.4477739876, 3.6074897953"
319,2020,0341366A,Collège du Salagou,Clermont-l'Hérault,34,2,"43.6341692684, 3.43125035714"
310,2020,0301747L,Collège,Lédignan,30,2,"43.9840086522, 4.10706037412"
116,2020,0660012E,Collège Joseph Sébastien Pons,Perpignan,66,2,"42.7197414277, 2.89175023197"
296,2020,0110665N,Collège Varsovie,Carcassonne,11,2,"43.2137760413, 2.34773990008"
483,2020,0110825M,Collège les Fontanilles,Castelnaudary,11,2,"43.3181114475, 1.94445047802"
312,2020,0340008Z,Collège Victor Hugo,Bessan,34,2,"43.3632534598, 3.42253958791"
911,2020,0341825Z,Collège Ambrussum,Lunel,34,3,"43.6876054742, 4.13410022864"
892,2020,0300059B,Collège Jules Verne,Nîmes,30,3,"43.8296391511, 4.34296054205"
890,2020,0300016E,Collège de la Regordane,Génolhac,30,3,"44.3495919152, 3.94858022887"
903,2020,0340070S,Collège du Jaur,Saint-Pons-de-Thomières,34,1,"43.485152687, 2.77101015912"
504,2020,0480607Z,Collège Henri Bourrillon,Mende,48,2,"44.5205651008, 3.50662969844"
889,2020,0110725D,Collège la Nadière,Port-la-Nouvelle,11,3,"43.0152938287, 3.0473402655"
904,2020,0340109J,Collège les Garrigues,Montpellier,34,3,"43.6426440098, 3.8170897104"
915,2020,0480015F,Collège Achille Rousson,Saint-Étienne-Vallée-Française,48,3,"44.1664542311, 3.84200964175"
294,2020,0110015G,Collège Jean Baptiste Bieules,Couiza,11,3,"42.9407637127, 2.25507021071"
301,2020,0300031W,Collège George Ville,Pont-Saint-Esprit,30,3,"44.2562769196, 4.64588054318"
302,2020,0300037C,Collège Jean Vilar,Saint-Gilles,30,3,"43.6857190477, 4.43333951677"
304,2020,0301014P,Collège Denis Diderot,Alès,30,3,"44.1328062981, 4.07873052994"
306,2020,0301209B,Collège les Fontaines,Bouillargues,30,3,"43.8003340623, 4.43454976935"
503,2020,0480005V,Collège Marcel Pierrel,Marvejols,48,3,"44.5569078111, 3.29316011116"
103,2020,0340056B,Collège UPP Saint Pons de Thomières,Olargues,34,1,"43.5562032972, 2.91673961042"
898,2020,0301721H,Collège Jean Louis Trintignant,Uzès,30,3,"44.028519592, 4.41477035441"
896,2020,0301213F,Collège Paul Valéry,Roquemaure,30,3,"44.0480398242, 4.78033053981"
479,2020,0110672W,Collège Jules Verne,Carcassonne,11,2,"43.2174450571, 2.35158998458"
505,2020,0660030Z,Collège Pierre Moréto,Thuir,66,2,"42.6336129412, 2.7594402717"
507,2020,0660864F,Collège François Mitterrand,Toulouges,66,2,"42.6654908741, 2.8406905042"
913,2020,0480002S,Collège Henri Gamala,Le Collet-de-Dèze,48,3,"44.2458831779, 3.91986047952"
914,2020,0480006W,Collège Sport Nature,La Canourgue,48,3,"44.4304664308, 3.21929027799"
498,2020,0340086J,Collège Frédéric Bazille,Castelnau-le-Lez,34,1,"43.6339667949, 3.90880976798"
118,2020,0660019M,Collège Saint Exupéry,Perpignan,66,2,"42.6809404657, 2.90278705816"
908,2020,0341367B,Collège Paul Bert,Capestang,34,2,"43.329458695, 3.04042023675"
120,2020,0660051X,Collège Albert Camus,Perpignan,66,2,"42.6911542142, 2.9090199574"
681,2020,0110666P,Collège Le Bastion,Carcassonne,11,2,"43.2164456747, 2.34890030778"
682,2020,0110686L,Collège Joseph Anglade,Lézignan-Corbières,11,2,"43.196809464, 2.76527043622"
683,2020,0110724C,Collège des Corbières Maritimes,Sigean,11,2,"43.023961596, 2.98093039251"
685,2020,0110870L,Collège Antoine Pons,Chalabre,11,2,"42.9851089045, 2.00497993951"
686,2020,0111015U,Collège Marcelin Albert,Saint-Nazaire-d'Aude,11,2,"43.2557196651, 2.90897034676"
697,2020,0340063J,Collège Louis Cahuzac,Quarante,34,2,"43.3442586389, 2.96429025336"
699,2020,0341065Y,Collège Jean Moulin,Sète,34,2,"43.4153654872, 3.67108004392"
700,2020,0341321B,Collège Katia et Maurice Krafft,Béziers,34,2,"43.3368266518, 3.249580225"
711,2020,0660008A,Collège Pierre Fouché,Ille-sur-Têt,66,3,"42.6674347127, 2.61739054467"
701,2020,0341363X,Collège de la Voie Domitienne,Le Crès,34,2,"43.6479920098, 3.93101951031"
703,2020,0341577E,Collège Le Bérange,Baillargues,34,2,"43.6670767331, 4.02226955004"
303,2020,0300947S,Collège Alphonse Daudet,Alès,30,1,"44.1352924236, 4.08584945806"
706,2020,0342186S,Collège Max Rouquette,Saint-André-de-Sangonis,34,2,"43.6546699449, 3.49792022235"
329,2020,0660049V,Collège Jean Moulin,Perpignan,66,1,"42.6969467289, 2.899559487"
330,2020,0660600U,Collège Cerdanya,Bourg-Madame,66,1,"42.4348677189, 1.94906024422"
708,2020,0480011B,Collège André Chamson,Meyrueis,48,2,"44.1799498461, 3.43142941984"
482,2020,0110788X,Collège Montesquieu,Narbonne,11,1,"43.1934084556, 3.01872967957"
714,2020,0660523K,Collège Paul Langevin,Elne,66,2,"42.6133158471, 2.9781896986"
702,2020,0341368C,Collège de l'Étang de l'Or,Mauguio,34,2,"43.6126507357, 4.00806047562"
715,2020,0660653B,Collège Jules Verne,Le Soler,66,2,"42.6788324315, 2.78077044178"
713,2020,0660522J,Collège Marcel Pagnol,Perpignan,66,3,"42.7121514378, 2.88187030741"
712,2020,0660022R,Collège Gustave Violet,Prades,66,3,"42.619996072, 2.41849051273"
677,2020,0110010B,Collège André Chénier,Carcassonne,11,2,"43.2122787954, 2.34931008288"
491,2020,0301283G,Collège Lou Redounet,Uzès,30,1,"44.0090604673, 4.4137097897"
893,2020,0300949U,Collège Jean Racine,Alès,30,1,"44.1305223437, 4.09356942244"
891,2020,0300036B,Collège Armand Coussens,Saint-Ambroix,30,1,"44.2591054169, 4.19778969588"
680,2020,0110037F,Collège Alain,Carcassonne,11,2,"43.2109519063, 2.33162942174"
508,2020,0660925X,Collège Christian Bourquin,Millas,66,3,"42.6864276173, 2.68759941973"
499,2020,0341705U,Collège Alain Savary,Saint-Mathieu-de-Tréviers,34,3,"43.7625738486, 3.86340969268"
497,2020,0340053Y,Collège Croix d'Argent,Montpellier,34,3,"43.5901236713, 3.86672053586"
119,2020,0660029Y,Collège Joseph Calvet,Saint-Paul-de-Fenouillet,66,2,"42.8087998589, 2.50565044347"
495,2020,0301746K,Collège Via Domitia,Manduel,30,3,"43.8180264011, 4.48825017339"
295,2020,0110021N,Collège Victor Hugo,Narbonne,11,1,"43.1878051934, 3.00615001634"
490,2020,0301245R,Collège Lou Castellas,Marguerittes,30,3,"43.8643880293, 4.44129998288"
488,2020,0300946R,Collège Révolution,Nîmes,30,3,"43.8411277221, 4.35535964864"
486,2020,0300042H,Collège Marceau Lapierre,Saint-Jean-du-Gard,30,3,"44.1089710382, 3.88933994461"
297,2020,0110667R,Collège Pierre et Marie Curie,Rieux-Minervois,11,1,"43.2816347265, 2.58131002347"
298,2020,0110859Z,Collège Joseph Delteil,Limoux,11,1,"43.0641830596, 2.21530968734"
299,2020,0300001N,Collège Irène Joliot Curie,Aigues-Mortes,30,1,"43.5676500654, 4.20215017098"
300,2020,0300020J,Collège Antoine Deparcieux,Le Martinet,30,1,"44.252830676, 4.08464044227"
492,2020,0301326D,Collège André Chamson,Le Vigan,30,3,"43.989870598, 3.60065939066"
90,2020,0110067N,Collège les Mailheuls,Coursan,11,1,"43.2319006101, 3.06104029549"
710,2020,0480016G,Collège du Trenze,Vialas,48,1,"44.3331989353, 3.89597048145"
481,2020,0110721Z,Collège Antoine Courrière,Cuxac-Cabardès,11,1,"43.3618712596, 2.26580041102"
506,2020,0660648W,Collège la Côte Radieuse,Canet-en-Roussillon,66,2,"42.7051558749, 2.99772032008"
325,2020,0660001T,Collège des Albères,Argelès-sur-Mer,66,1,"42.5500382677, 3.02841056816"
309,2020,0301656M,Collège Claudie Haigneré,Rochefort-du-Gard,30,1,"43.9738250696, 4.677720001"
326,2020,0660007Z,Collège Irène Joliot Curie,Estagel,66,1,"42.7703572832, 2.69483024839"
314,2020,0340115R,Collège Paul Valéry,Sète,34,1,"43.4012170981, 3.69155034747"
909,2020,0341424N,Collège Louise Michel,Ganges,34,1,"43.9366236246, 3.7052504937"
125,2020,0660866H,Collège Jean Rous,Pia,66,2,"42.7401372813, 2.92554017198"
122,2020,0660480N,Collège Jean Moulin,Arles-sur-Tech,66,2,"42.4571318685, 2.63197039146"
121,2020,0660431K,Collège Le Riberal,Saint-Estève,66,2,"42.7086982816, 2.83931047208"
480,2020,0110674Y,Collège Gaston Bonheur,Trèbes,11,1,"43.2096146282, 2.45349998889"
311,2020,0301816L,Collège Claude Chappe,Gallargues-le-Montueux,30,1,"43.7180458029, 4.17628042313"
305,2020,0301096D,Collège la Vallée Verte,Vauvert,30,1,"43.6876211755, 4.27148012771"
960,2021,0660521H,Collège Pablo Casals,Cabestany,66,3,"42.6764094572, 2.94332002109"
953,2021,0480013D,Collège Haut Gévaudan,Saint-Chély-d'Apcher,48,3,"44.8073524329, 3.26968062011"
522,2021,0301209B,Collège les Fontaines,Bouillargues,30,3,"43.8003340623, 4.43454976935"
949,2021,0342036D,Collège Pierre Mendès France,Jacou,34,3,"43.6671893915, 3.91074972156"
923,2021,0110675Z,Collège Michel Bousquié,Quillan,11,1,"42.876164008, 2.17579041988"
542,2021,0660480N,Collège Jean Moulin,Arles-sur-Tech,66,3,"42.4571318685, 2.63197039146"
728,2021,0301326D,Collège André Chamson,Le Vigan,30,3,"43.989870598, 3.60065939066"
936,2021,0301746K,Collège Via Domitia,Manduel,30,3,"43.8180264011, 4.48825017339"
543,2021,0660523K,Collège Paul Langevin,Elne,66,2,"42.6133158471, 2.9781896986"
509,2021,0110003U,Collège de l'Alaric,Capendu,11,2,"43.1859084897, 2.56341995244"
948,2021,0341825Z,Collège Ambrussum,Lunel,34,1,"43.6876054742, 4.13410022864"
719,2021,0110724C,Collège des Corbières Maritimes,Sigean,11,1,"43.023961596, 2.98093039251"
153,2021,0660431K,Collège Le Riberal,Saint-Estève,66,3,"42.7086982816, 2.83931047208"
518,2021,0300033Y,Collège Voltaire,Remoulins,30,2,"43.9391477432, 4.57085010929"
724,2021,0300141R,Collège Condorcet,Nîmes,30,1,"43.8276608398, 4.33614977357"
725,2021,0300949U,Collège Jean Racine,Alès,30,1,"44.1305223437, 4.09356942244"
932,2021,0300947S,Collège Alphonse Daudet,Alès,30,1,"44.1352924236, 4.08584945806"
929,2021,0300042H,Collège Marceau Lapierre,Saint-Jean-du-Gard,30,3,"44.1089710382, 3.88933994461"
959,2021,0660022R,Collège Gustave Violet,Prades,66,3,"42.619996072, 2.41849051273"
357,2021,0342052W,Collège Simone de Beauvoir,Frontignan,34,1,"43.4295170364, 3.73652058744"
524,2021,0301245R,Collège Lou Castellas,Marguerittes,30,3,"43.8643880293, 4.44129998288"
545,2021,0660601V,Collège Jean Amade,Céret,66,3,"42.4868710371, 2.75436022644"
950,2021,0342050U,Collège Françoise Giroud,Vendres,34,1,"43.2702388366, 3.23120964337"
730,2021,0340016H,Collège la Dullague,Béziers,34,2,"43.3426599739, 3.23330961701"
132,2021,0301013N,Collège Jean Moulin,Alès,30,3,"44.13184497, 4.07762997317"
920,2021,0110015G,Collège Jean Baptiste Bieules,Couiza,11,3,"42.9407637127, 2.25507021071"
738,2021,0341893Y,Collège Paul Émile Victor,Agde,34,3,"43.3022597724, 3.48527038242"
716,2021,0110666P,Collège Le Bastion,Carcassonne,11,2,"43.2164456747, 2.34890030778"
962,2021,0660925X,Collège Christian Bourquin,Millas,66,3,"42.6864276173, 2.68759941973"
925,2021,0110725D,Collège la Nadière,Port-la-Nouvelle,11,3,"43.0152938287, 3.0473402655"
928,2021,0300037C,Collège Jean Vilar,Saint-Gilles,30,3,"43.6857190477, 4.43333951677"
511,2021,0110674Y,Collège Gaston Bonheur,Trèbes,11,2,"43.2096146282, 2.45349998889"
734,2021,0340972X,Collège Victor Hugo,Sète,34,3,"43.4084449513, 3.70024943939"
732,2021,0340056B,Collège UPP Saint Pons de Thomières,Olargues,34,3,"43.5562032972, 2.91673961042"
952,2021,0480001R,Collège Henri Rouvière,Le Bleymard,48,3,"44.4893577861, 3.73783029606"
926,2021,0110810W,Collège de Grazailles,Carcassonne,11,3,"43.2243470524, 2.35215950467"
924,2021,0110721Z,Collège Antoine Courrière,Cuxac-Cabardès,11,3,"43.3618712596, 2.26580041102"
933,2021,0301283G,Collège Lou Redounet,Uzès,30,1,"44.0090604673, 4.4137097897"
954,2021,0480015F,Collège Achille Rousson,Saint-Étienne-Vallée-Française,48,3,"44.1664542311, 3.84200964175"
544,2021,0660600U,Collège Cerdanya,Bourg-Madame,66,1,"42.4348677189, 1.94906024422"
736,2021,0341421K,Collège Joffre,Montpellier,34,3,"43.6117701665, 3.88673979066"
540,2021,0660016J,Collège la Garrigole,Perpignan,66,3,"42.6948472397, 2.86727657243"
510,2021,0110025T,Collège Cité,Narbonne,11,3,"43.1871871048, 3.00827041122"
130,2021,0300039E,Collège de la Galaberte,Saint-Hippolyte-du-Fort,30,2,"43.9631396836, 3.85859982594"
745,2021,0660848N,Collège Alice et Jean Olibo,Saint-Cyprien,66,2,"42.6230964794, 3.00866033295"
744,2021,0660634F,Collège Climatique et Sportif,Font-Romeu-Odeillo-Via,66,2,"42.5150970307, 2.03995955126"
743,2021,0660012E,Collège Joseph Sébastien Pons,Perpignan,66,2,"42.7197414277, 2.89175023197"
742,2021,0660001T,Collège des Albères,Argelès-sur-Mer,66,2,"42.5500382677, 3.02841056816"
352,2021,0340955D,Collège Simone Veil,Montpellier,34,3,"43.6180403594, 3.84792979907"
741,2021,0480607Z,Collège Henri Bourrillon,Mende,48,1,"44.5205651008, 3.50662969844"
727,2021,0301232B,Collège Gaston Doumergue,Sommières,30,3,"43.7847374416, 4.08325039108"
726,2021,0301014P,Collège Denis Diderot,Alès,30,3,"44.1328062981, 4.07873052994"
723,2021,0300043J,Collège Jean Baptiste Dumas,Salindres,30,3,"44.1664128318, 4.16061997374"
332,2021,0110011C,Collège Blaise d'Auriol,Castelnaudary,11,3,"43.3163356798, 1.95829006889"
721,2021,0111051H,Collège Rosa Parks,Lézignan-Corbières,11,3,"43.184518864, 2.7595799942"
138,2021,0340111L,Collège Clémenceau,Montpellier,34,1,"43.6021807686, 3.8731804287"
145,2021,0342326U,Collège Boby Lapointe,Roujan,34,1,"43.505481603, 3.31503938511"
718,2021,0110686L,Collège Joseph Anglade,Lézignan-Corbières,11,3,"43.196809464, 2.76527043622"
139,2021,0341028H,Collège Georges Brassens,Lattes,34,1,"43.5669672693, 3.8996797337"
140,2021,0341032M,Collège René Cassin,Agde,34,1,"43.3118517001, 3.48133007845"
142,2021,0341424N,Collège Louise Michel,Ganges,34,1,"43.9366236246, 3.7052504937"
717,2021,0110667R,Collège Pierre et Marie Curie,Rieux-Minervois,11,1,"43.2816347265, 2.58131002347"
737,2021,0341577E,Collège Le Bérange,Baillargues,34,1,"43.6670767331, 4.02226955004"
735,2021,0341367B,Collège Paul Bert,Capestang,34,1,"43.329458695, 3.04042023675"
720,2021,0110870L,Collège Antoine Pons,Chalabre,11,3,"42.9851089045, 2.00497993951"
939,2021,0340034C,Collège Roger Contrepas,Marsillargues,34,1,"43.6674224763, 4.17421008"
333,2021,0110026U,Collège Jules Ferry,Narbonne,11,3,"43.1789454566, 3.00081979452"
336,2021,0300031W,Collège George Ville,Pont-Saint-Esprit,30,3,"44.2562769196, 4.64588054318"
141,2021,0341366A,Collège du Salagou,Clermont-l'Hérault,34,2,"43.6341692684, 3.43125035714"
148,2021,0480014E,Collège UPP Pierre delmas,Sainte-Enimie,48,1,"44.3669528713, 3.41120962813"
515,2021,0300016E,Collège de la Regordane,Génolhac,30,3,"44.3495919152, 3.94858022887"
128,2021,0110672W,Collège Jules Verne,Carcassonne,11,2,"43.2174450571, 2.35158998458"
517,2021,0300025P,Collège Romain Rolland,Nîmes,30,3,"43.8446529432, 4.39021018203"
740,2021,0342224H,Collège Olympe de Gouges,Loupian,34,1,"43.4477739876, 3.6074897953"
133,2021,0301208A,Collège Eugène Vigné,Beaucaire,30,1,"43.8104662202, 4.6377803152"
747,2021,0660866H,Collège Jean Rous,Pia,66,2,"42.7401372813, 2.92554017198"
127,2021,0110021N,Collège Victor Hugo,Narbonne,11,1,"43.1878051934, 3.00615001634"
335,2021,0300013B,Collège Le Castellas,Bessèges,30,3,"44.2934511404, 4.09540034382"
134,2021,0301721H,Collège Jean Louis Trintignant,Uzès,30,3,"44.028519592, 4.41477035441"
126,2021,0110010B,Collège André Chénier,Carcassonne,11,2,"43.2122787954, 2.34931008288"
746,2021,0660864F,Collège François Mitterrand,Toulouges,66,2,"42.6654908741, 2.8406905042"
363,2021,0660522J,Collège Marcel Pagnol,Perpignan,66,3,"42.7121514378, 2.88187030741"
360,2021,0480004U,Collège Marthe Dupeyron,Langogne,48,3,"44.7235510008, 3.85283017106"
519,2021,0300945P,Collège Feuchères,Nîmes,30,1,"43.8346647285, 4.36436997917"
358,2021,0342076X,Collège de la Petite Camargue,Lansargues,34,3,"43.6548701317, 4.08186989454"
348,2021,0340051W,Collège Fontcarrade,Montpellier,34,3,"43.6075877251, 3.85417007214"
342,2021,0301282F,Collège Elsa Triolet,Beaucaire,30,3,"43.8104670616, 4.62201018325"
338,2021,0300062E,Collège Capouchiné,Nîmes,30,3,"43.8224816364, 4.35695996915"
131,2021,0300929X,Collège du Mont Duplan,Nîmes,30,3,"43.8433058201, 4.36424053265"
150,2021,0660008A,Collège Pierre Fouché,Ille-sur-Têt,66,3,"42.6674347127, 2.61739054467"
512,2021,0110676A,Collège Saint Exupéry,Bram,11,2,"43.2391799899, 2.11086056286"
144,2021,0342131G,Collège François Rabelais,Montpellier,34,2,"43.6260229991, 3.83347044839"
513,2021,0110859Z,Collège Joseph Delteil,Limoux,11,1,"43.0641830596, 2.21530968734"
955,2021,0660007Z,Collège Irène Joliot Curie,Estagel,66,1,"42.7703572832, 2.69483024839"
521,2021,0301012M,Collège Léo Larguier,La Grand-Combe,30,2,"44.2101391558, 4.03036051229"
946,2021,0341386X,Collège Lo Trentanel,Gignac,34,1,"43.6552766575, 3.54908949165"
535,2021,0341764H,Collège François Villon,Saint-Gély-du-Fesc,34,2,"43.6926718053, 3.79933962463"
534,2021,0341364Y,Collège Gérard Philipe,Montpellier,34,1,"43.5973433958, 3.88440958533"
537,2021,0480003T,Collège des Trois Vallées,Florac,48,2,"44.3219028103, 3.59757997599"
538,2021,0480011B,Collège André Chamson,Meyrueis,48,2,"44.1799498461, 3.43142941984"
354,2021,0341280G,Collège les Pins,Castries,34,2,"43.6830372278, 3.98875955951"
136,2021,0340008Z,Collège Victor Hugo,Bessan,34,3,"43.3632534598, 3.42253958791"
347,2021,0340032A,Collège les Arbourys,Magalas,34,1,"43.4705426287, 3.22338016058"
334,2021,0110825M,Collège les Fontanilles,Castelnaudary,11,2,"43.3181114475, 1.94445047802"
356,2021,0341368C,Collège de l'Étang de l'Or,Mauguio,34,1,"43.6126507357, 4.00806047562"
927,2021,0300006U,Collège Florian,Anduze,30,1,"44.053275465, 3.98381045633"
940,2021,0340053Y,Collège Croix d'Argent,Montpellier,34,3,"43.5901236713, 3.86672053586"
956,2021,0660017K,Collège Jean Macé,Perpignan,66,1,"42.6952140275, 2.8876601781"
944,2021,0341030K,Collège Camille Claudel,Montpellier,34,2,"43.6165476424, 3.86244060701"
739,2021,0342077Y,Collège Ray Charles,Fabrègues,34,1,"43.5608737832, 3.78969007423"
947,2021,0341388Z,Collège Marcel Pagnol,Sérignan,34,1,"43.2761956341, 3.27145043447"
729,2021,0301671D,Collège Le Vignet,Calvisson,30,2,"43.7831648894, 4.20125983579"
921,2021,0110067N,Collège les Mailheuls,Coursan,11,2,"43.2319006101, 3.06104029549"
958,2021,0660019M,Collège Saint Exupéry,Perpignan,66,1,"42.6809404657, 2.90278705816"
935,2021,0301327E,Collège Gérard Philipe,Bagnols-sur-Cèze,30,2,"44.1618283977, 4.61622996246"
525,2021,0301670C,Collège Frédéric Desmons,Saint-Geniès-de-Malgoirès,30,3,"43.9446156949, 4.22176967663"
529,2021,0340070S,Collège du Jaur,Saint-Pons-de-Thomières,34,3,"43.485152687, 2.77101015912"
531,2021,0340119V,Collège Ferdinand Fabre,Bédarieux,34,3,"43.6109247059, 3.15462945714"
339,2021,0301096D,Collège la Vallée Verte,Vauvert,30,1,"43.6876211755, 4.27148012771"
516,2021,0300020J,Collège Antoine Deparcieux,Le Martinet,30,1,"44.252830676, 4.08464044227"
945,2021,0341363X,Collège de la Voie Domitienne,Le Crès,34,2,"43.6479920098, 3.93101951031"
129,2021,0300032X,Collège de Coutach,Quissac,30,2,"43.9134526084, 3.99461994587"
135,2021,0301816L,Collège Claude Chappe,Gallargues-le-Montueux,30,2,"43.7180458029, 4.17628042313"
341,2021,0301213F,Collège Paul Valéry,Roquemaure,30,1,"44.0480398242, 4.78033053981"
361,2021,0660029Y,Collège Joseph Calvet,Saint-Paul-de-Fenouillet,66,2,"42.8087998589, 2.50565044347"
359,2021,0342186S,Collège Max Rouquette,Saint-André-de-Sangonis,34,2,"43.6546699449, 3.49792022235"
353,2021,0341277D,Collège les Aiguerelles,Montpellier,34,1,"43.5975367249, 3.89212977987"
961,2021,0660653B,Collège Jules Verne,Le Soler,66,1,"42.6788324315, 2.78077044178"
541,2021,0660051X,Collège Albert Camus,Perpignan,66,2,"42.6911542142, 2.9090199574"
539,2021,0480016G,Collège du Trenze,Vialas,48,2,"44.3331989353, 3.89597048145"
526,2021,0301723K,Collège Théodore Monod,Clarensac,30,2,"43.826028832, 4.23046940861"
528,2021,0340063J,Collège Louis Cahuzac,Quarante,34,2,"43.3442586389, 2.96429025336"
523,2021,0301214G,Collège du Mourion,Villeneuve-lès-Avignon,30,3,"43.9762220762, 4.78356042514"
530,2021,0340115R,Collège Paul Valéry,Sète,34,2,"43.4012170981, 3.69155034747"
722,2021,0300036B,Collège Armand Coussens,Saint-Ambroix,30,2,"44.2591054169, 4.19778969588"
344,2021,0301656M,Collège Claudie Haigneré,Rochefort-du-Gard,30,1,"43.9738250696, 4.677720001"
362,2021,0660037G,Collège Joffre,Rivesaltes,66,1,"42.767749446, 2.87938008707"
536,2021,0480002S,Collège Henri Gamala,Le Collet-de-Dèze,48,3,"44.2458831779, 3.91986047952"
355,2021,0341321B,Collège Katia et Maurice Krafft,Béziers,34,2,"43.3368266518, 3.249580225"
346,2021,0340025T,Collège les Deux Pins,Frontignan,34,1,"43.4538921201, 3.75115012585"
547,2021,0660865G,Collège Pierre Mendès France,Saint-André,66,3,"42.5541189497, 2.96351977326"
938,2021,0340031Z,Collège Frédéric Mistral,Lunel,34,2,"43.6719380834, 4.12396000143"
527,2021,0340062H,Collège Via Domitia,Poussan,34,2,"43.4861817938, 3.66554039336"
351,2021,0340118U,Collège Henri IV,Béziers,34,2,"43.3437274675, 3.21021014725"
937,2021,0301827Y,Collège Federico Garcia Lorca,Bellegarde,30,2,"43.7507318849, 4.49710961267"
147,2021,0480006W,Collège Sport Nature,La Canourgue,48,3,"44.4304664308, 3.21929027799"
514,2021,0111015U,Collège Marcelin Albert,Saint-Nazaire-d'Aude,11,2,"43.2557196651, 2.90897034676"
146,2021,0480005V,Collège Marcel Pierrel,Marvejols,48,3,"44.5569078111, 3.29316011116"
931,2021,0300946R,Collège Révolution,Nîmes,30,2,"43.8411277221, 4.35535964864"
922,2021,0110068P,Collège Georges Brassens,Narbonne,11,2,"43.1861949153, 2.97425005916"
951,2021,0342130F,Collège Pierre Deley,Marseillan,34,1,"43.3636032312, 3.52046025283"
149,2021,0480017H,Collège Odilon Barrot,Villefort,48,3,"44.4409467285, 3.92705994902"
943,2021,0340974Z,Collège Emmanuel Maffre Baugé,Paulhan,34,3,"43.5407317335, 3.45764059763"
731,2021,0340024S,Collège Voltaire,Florensac,34,2,"43.386879459, 3.46471973603"
143,2021,0341705U,Collège Alain Savary,Saint-Mathieu-de-Tréviers,34,3,"43.7625738486, 3.86340969268"
930,2021,0300059B,Collège Jules Verne,Nîmes,30,3,"43.8296391511, 4.34296054205"
934,2021,0301284H,Collège Jean Rostand,Nîmes,30,3,"43.8453349382, 4.3436104753"
151,2021,0660038H,Collège de la Côte Vermeille,Port-Vendres,66,2,"42.520036821, 3.10255948226"
152,2021,0660049V,Collège Jean Moulin,Perpignan,66,2,"42.6969467289, 2.899559487"
957,2021,0660018L,Collège Madame de Sévigné,Perpignan,66,2,"42.6842308397, 2.88608980902"
942,2021,0340117T,Collège Paul Dardé,Lodève,34,2,"43.7312528727, 3.30945029518"
340,2021,0301098F,Collège les Oliviers,Nîmes,30,2,"43.8339248311, 4.38472962159"
345,2021,0301747L,Collège,Lédignan,30,2,"43.9840086522, 4.10706037412"
350,2021,0340110K,Collège Pic Saint Loup,Saint-Clément-de-Rivière,34,2,"43.6817773311, 3.84701056038"
337,2021,0300055X,Collège Bernard de Ventadour,Bagnols-sur-Cèze,30,2,"44.1625564528, 4.61367940487"
520,2021,0301010K,Collège Ada Lovelace,Nîmes,30,3,"43.8588460926, 4.39110910066"
941,2021,0340109J,Collège les Garrigues,Montpellier,34,3,"43.6426440098, 3.8170897104"
533,2021,0341278E,Collège Arthur Rimbaud,Montpellier,34,1,"43.6166769762, 3.82158973055"
137,2021,0340021N,Collège Jules Ferry,Cazouls-lès-Béziers,34,2,"43.3898154424, 3.1016801846"
349,2021,0340057C,Collège Antoine Fauré,Olonzac,34,2,"43.2819795951, 2.72991000174"
343,2021,0301325C,Collège Henri Pitot,Aramon,30,2,"43.8882210597, 4.67947010181"
546,2021,0660648W,Collège la Côte Radieuse,Canet-en-Roussillon,66,2,"42.7051558749, 2.99772032008"
532,2021,0341065Y,Collège Jean Moulin,Sète,34,1,"43.4153654872, 3.67108004392"
733,2021,0340086J,Collège Frédéric Bazille,Castelnau-le-Lez,34,2,"43.6339667949, 3.90880976798"
579,2022,0480015F,Collège Achille Rousson,Saint-Étienne-Vallée-Française,48,3,"44.1664542311, 3.84200964175"
553,2022,0300037C,Collège Jean Vilar,Saint-Gilles,30,3,"43.6857190477, 4.43333951677"
159,2022,0110686L,Collège Joseph Anglade,Lézignan-Corbières,11,3,"43.196809464, 2.76527043622"
756,2022,0300025P,Collège Romain Rolland,Nîmes,30,3,"43.8446529432, 4.39021018203"
576,2022,0341893Y,Collège Paul Émile Victor,Agde,34,3,"43.3022597724, 3.48527038242"
758,2022,0300945P,Collège Feuchères,Nîmes,30,3,"43.8346647285, 4.36436997917"
167,2022,0340109J,Collège les Garrigues,Montpellier,34,3,"43.6426440098, 3.8170897104"
575,2022,0341705U,Collège Alain Savary,Saint-Mathieu-de-Tréviers,34,3,"43.7625738486, 3.86340969268"
565,2022,0340974Z,Collège Emmanuel Maffre Baugé,Paulhan,34,3,"43.5407317335, 3.45764059763"
154,2022,0110015G,Collège Jean Baptiste Bieules,Couiza,11,3,"42.9407637127, 2.25507021071"
757,2022,0300062E,Collège Capouchiné,Nîmes,30,3,"43.8224816364, 4.35695996915"
760,2022,0301013N,Collège Jean Moulin,Alès,30,3,"44.13184497, 4.07762997317"
785,2022,0660001T,Collège des Albères,Argelès-sur-Mer,66,3,"42.5500382677, 3.02841056816"
748,2022,0110026U,Collège Jules Ferry,Narbonne,11,3,"43.1789454566, 3.00081979452"
573,2022,0341367B,Collège Paul Bert,Capestang,34,3,"43.329458695, 3.04042023675"
550,2022,0110721Z,Collège Antoine Courrière,Cuxac-Cabardès,11,3,"43.3618712596, 2.26580041102"
753,2022,0111051H,Collège,Lézignan-Corbières,11,3,"43.184518864, 2.7595799942"
558,2022,0301325C,Collège Henri Pitot,Aramon,30,3,"43.8882210597, 4.67947010181"
751,2022,0110725D,Collège la Nadière,Port-la-Nouvelle,11,3,"43.0152938287, 3.0473402655"
561,2022,0340008Z,Collège Victor Hugo,Bessan,34,3,"43.3632534598, 3.42253958791"
559,2022,0301326D,Collège André Chamson,Le Vigan,30,3,"43.989870598, 3.60065939066"
585,2022,0660601V,Collège Jean Amade,Céret,66,3,"42.4868710371, 2.75436022644"
580,2022,0660016J,Collège la Garrigole,Perpignan,66,3,"42.6948472397, 2.86727657243"
776,2022,0341421K,Collège Joffre,Montpellier,34,3,"43.6117701665, 3.88673979066"
770,2022,0340070S,Collège du Jaur,Saint-Pons-de-Thomières,34,3,"43.485152687, 2.77101015912"
564,2022,0340972X,Collège Victor Hugo,Sète,34,3,"43.4084449513, 3.70024943939"
584,2022,0660480N,Collège Jean Moulin,Arles-sur-Tech,66,3,"42.4571318685, 2.63197039146"
179,2022,0660017K,Collège Jean Macé,Perpignan,66,3,"42.6952140275, 2.8876601781"
587,2022,0660865G,Collège Pierre Mendès France,Saint-André,66,3,"42.5541189497, 2.96351977326"
557,2022,0301284H,Collège Jean Rostand,Nîmes,30,3,"43.8453349382, 4.3436104753"
769,2022,0340051W,Collège Fontcarrade,Montpellier,34,3,"43.6075877251, 3.85417007214"
391,2022,0660522J,Collège Marcel Pagnol,Perpignan,66,3,"42.7121514378, 2.88187030741"
750,2022,0110068P,Collège Georges Brassens,Narbonne,11,3,"43.1861949153, 2.97425005916"
177,2022,0480607Z,Collège Henri Bourrillon,Mende,48,3,"44.5205651008, 3.50662969844"
176,2022,0480013D,Collège Haut Gévaudan,Saint-Chély-d'Apcher,48,3,"44.8073524329, 3.26968062011"
175,2022,0480005V,Collège Marcel Pierrel,Marvejols,48,3,"44.5569078111, 3.29316011116"
578,2022,0480006W,Collège Sport Nature,La Canourgue,48,3,"44.4304664308, 3.21929027799"
174,2022,0480002S,Collège Henri Gamala,Le Collet-de-Dèze,48,3,"44.2458831779, 3.91986047952"
549,2022,0110676A,Collège Saint Exupéry,Bram,11,3,"43.2391799899, 2.11086056286"
162,2022,0300929X,Collège du Mont Duplan,Nîmes,30,3,"43.8433058201, 4.36424053265"
160,2022,0110810W,Collège de Grazailles,Carcassonne,11,3,"43.2243470524, 2.35215950467"
765,2022,0301746K,Collège Via Domitia,Manduel,30,3,"43.8180264011, 4.48825017339"
761,2022,0301213F,Collège Paul Valéry,Roquemaure,30,3,"44.0480398242, 4.78033053981"
156,2022,0110666P,Collège Le Bastion,Carcassonne,11,2,"43.2164456747, 2.34890030778"
366,2022,0110675Z,Collège Michel Bousquié,Quillan,11,3,"42.876164008, 2.17579041988"
1006,2022,0660634F,Collège Climatique et Sportif,Font-Romeu-Odeillo-Via,66,2,"42.5150970307, 2.03995955126"
560,2022,0301723K,Collège Théodore Monod,Clarensac,30,2,"43.826028832, 4.23046940861"
782,2022,0480001R,Collège Henri Rouvière,Le Bleymard,48,2,"44.4893577861, 3.73783029606"
780,2022,0342186S,Collège Max Rouquette,Saint-André-de-Sangonis,34,2,"43.6546699449, 3.49792022235"
786,2022,0660018L,Collège Madame de Sévigné,Perpignan,66,2,"42.6842308397, 2.88608980902"
787,2022,0660019M,Collège Saint Exupéry,Perpignan,66,2,"42.6809404657, 2.90278705816"
775,2022,0341388Z,Collège Marcel Pagnol,Sérignan,34,2,"43.2761956341, 3.27145043447"
774,2022,0341366A,Collège du Salagou,Clermont-l'Hérault,34,2,"43.6341692684, 3.43125035714"
773,2022,0341363X,Collège de la Voie Domitienne,Le Crès,34,2,"43.6479920098, 3.93101951031"
772,2022,0340837A,Collège Jean Bene,Pézenas,34,2,"43.4585837695, 3.41668045009"
788,2022,0660037G,Collège Joffre,Rivesaltes,66,2,"42.767749446, 2.87938008707"
768,2022,0340034C,Collège Roger Contrepas,Marsillargues,34,2,"43.6674224763, 4.17421008"
766,2022,0301827Y,Collège,Bellegarde,30,2,"43.7507318849, 4.49710961267"
790,2022,0660866H,Collège Jean Rous,Pia,66,2,"42.7401372813, 2.92554017198"
764,2022,0301656M,Collège Claudie Haigneré,Rochefort-du-Gard,30,2,"43.9738250696, 4.677720001"
759,2022,0301012M,Collège Léo Larguier,La Grand-Combe,30,2,"44.2101391558, 4.03036051229"
754,2022,0300006U,Collège Florian,Anduze,30,2,"44.053275465, 3.98381045633"
964,2022,0110010B,Collège André Chénier,Carcassonne,11,2,"43.2122787954, 2.34931008288"
963,2022,0110003U,Collège de l'Alaric,Capendu,11,2,"43.1859084897, 2.56341995244"
178,2022,0660012E,Collège Joseph Sébastien Pons,Perpignan,66,2,"42.7197414277, 2.89175023197"
180,2022,0660648W,Collège la Côte Radieuse,Canet-en-Roussillon,66,2,"42.7051558749, 2.99772032008"
392,2022,0660523K,Collège Paul Langevin,Elne,66,2,"42.6133158471, 2.9781896986"
563,2022,0340062H,Collège Via Domitia,Poussan,34,2,"43.4861817938, 3.66554039336"
555,2022,0301098F,Collège les Oliviers,Nîmes,30,2,"43.8339248311, 4.38472962159"
566,2022,0340996Y,Collège les Escholiers de la Mosson,Montpellier,34,2,"43.6337390636, 3.82164956652"
569,2022,0341030K,Collège Camille Claudel,Montpellier,34,2,"43.6165476424, 3.86244060701"
574,2022,0341368C,Collège de l'Étang de l'Or,Mauguio,34,2,"43.6126507357, 4.00806047562"
581,2022,0660029Y,Collège Joseph Calvet,Saint-Paul-de-Fenouillet,66,2,"42.8087998589, 2.50565044347"
583,2022,0660051X,Collège Albert Camus,Perpignan,66,2,"42.6911542142, 2.9090199574"
755,2022,0300020J,Collège Antoine Deparcieux,Le Martinet,30,2,"44.252830676, 4.08464044227"
749,2022,0110037F,Collège Alain,Carcassonne,11,2,"43.2109519063, 2.33162942174"
567,2022,0340998A,Collège Jeu de Mail,Montpellier,34,2,"43.6271574265, 3.86539973395"
551,2022,0300013B,Collège Le Castellas,Bessèges,30,2,"44.2934511404, 4.09540034382"
552,2022,0300033Y,Collège Voltaire,Remoulins,30,2,"43.9391477432, 4.57085010929"
974,2022,0300947S,Collège Alphonse Daudet,Alès,30,1,"44.1352924236, 4.08584945806"
370,2022,0300141R,Collège Condorcet,Nîmes,30,1,"43.8276608398, 4.33614977357"
571,2022,0341065Y,Collège Jean Moulin,Sète,34,1,"43.4153654872, 3.67108004392"
570,2022,0341032M,Collège René Cassin,Agde,34,1,"43.3118517001, 3.48133007845"
554,2022,0300050S,Collège La Garriguette,Vergèze,30,1,"43.7485520964, 4.22501990075"
568,2022,0341028H,Collège Georges Brassens,Lattes,34,1,"43.5669672693, 3.8996797337"
562,2022,0340032A,Collège les Arbourys,Magalas,34,1,"43.4705426287, 3.22338016058"
364,2022,0110021N,Collège Victor Hugo,Narbonne,11,1,"43.1878051934, 3.00615001634"
572,2022,0341364Y,Collège Gérard Philipe,Montpellier,34,1,"43.5973433958, 3.88440958533"
582,2022,0660030Z,Collège Pierre Moréto,Thuir,66,1,"42.6336129412, 2.7594402717"
577,2022,0342077Y,Collège Ray Charles,Fabrègues,34,1,"43.5608737832, 3.78969007423"
969,2022,0300036B,Collège Armand Coussens,Saint-Ambroix,30,1,"44.2591054169, 4.19778969588"
169,2022,0341278E,Collège Arthur Rimbaud,Montpellier,34,1,"43.6166769762, 3.82158973055"
171,2022,0342052W,Collège Simone de Beauvoir,Frontignan,34,1,"43.4295170364, 3.73652058744"
172,2022,0342326U,Collège Collège,Roujan,34,1,"43.505481603, 3.31503938511"
586,2022,0660653B,Collège Jules Verne,Le Soler,66,1,"42.6788324315, 2.78077044178"
173,2022,0342488V,Collège Port Marianne,Montpellier,34,2,"43.60324961142003, 3.9091825958228834"
548,2022,0110667R,Collège Pierre et Marie Curie,Rieux-Minervois,11,1,"43.2816347265, 2.58131002347"
994,2022,0341066Z,Collège Jean Perrin,Béziers,34,1,"43.3432819637, 3.23931976784"
975,2022,0300949U,Collège Jean Racine,Alès,30,1,"44.1305223437, 4.09356942244"
789,2022,0660600U,Collège Cerdanya,Bourg-Madame,66,1,"42.4348677189, 1.94906024422"
767,2022,0340025T,Collège les Deux Pins,Frontignan,34,1,"43.4538921201, 3.75115012585"
999,2022,0341870Y,Collège Marie Curie,Pignan,34,1,"43.5795881698, 3.76382057356"
763,2022,0301283G,Collège Lou Redounet,Uzès,30,1,"44.0090604673, 4.4137097897"
762,2022,0301246S,Collège la Gardonnenque,Brignon,30,1,"43.974322734, 4.21295996157"
965,2022,0110724C,Collège des Corbières Maritimes,Sigean,11,1,"43.023961596, 2.98093039251"
781,2022,0342224H,Collège Olympe de Gouges,Loupian,34,1,"43.4477739876, 3.6074897953"
777,2022,0341656R,Collège Philippe Lamour,La Grande Motte,34,1,"43.5646174613, 4.0719798781"
771,2022,0340836Z,Collège Paul Riquet,Béziers,34,1,"43.3450304637, 3.21908979438"
997,2022,0341577E,Collège Le Bérange,Baillargues,34,1,"43.6670767331, 4.02226955004"
995,2022,0341277D,Collège les Aiguerelles,Montpellier,34,1,"43.5975367249, 3.89212977987"
752,2022,0110859Z,Collège Joseph Delteil,Limoux,11,1,"43.0641830596, 2.21530968734"
996,2022,0341386X,Collège Lo Trentanel,Gignac,34,1,"43.6552766575, 3.54908949165"
779,2022,0342132H,Collège Lucie Aubrac,Béziers,34,1,"43.3520086228, 3.22177048855"
170,2022,0341280G,Collège les Pins,Castries,34,2,"43.6830372278, 3.98875955951"
168,2022,0340118U,Collège Henri IV,Béziers,34,2,"43.3437274675, 3.21021014725"
966,2022,0300016E,Collège de la Regordane,Génolhac,30,2,"44.3495919152, 3.94858022887"
981,2022,0301282F,Collège Elsa Triolet,Beaucaire,30,3,"43.8104670616, 4.62201018325"
992,2022,0340119V,Collège Ferdinand Fabre,Bédarieux,34,3,"43.6109247059, 3.15462945714"
1000,2022,0342036D,Collège Pierre Mendès France,Jacou,34,3,"43.6671893915, 3.91074972156"
1001,2022,0342076X,Collège de la Petite Camargue,Lansargues,34,3,"43.6548701317, 4.08186989454"
1003,2022,0480011B,Collège André Chamson,Meyrueis,48,3,"44.1799498461, 3.43142941984"
1004,2022,0480016G,Collège du Trenze,Vialas,48,3,"44.3331989353, 3.89597048145"
979,2022,0301214G,Collège du Mourion,Villeneuve-lès-Avignon,30,3,"43.9762220762, 4.78356042514"
1005,2022,0660431K,Collège Le Riberal,Saint-Estève,66,3,"42.7086982816, 2.83931047208"
784,2022,0480014E,Collège UPP Pierre delmas,Sainte-Enimie,48,2,"44.3669528713, 3.41120962813"
394,2022,0660864F,Collège François Mitterrand,Toulouges,66,2,"42.6654908741, 2.8406905042"
367,2022,0110825M,Collège les Fontanilles,Castelnaudary,11,2,"43.3181114475, 1.94445047802"
371,2022,0300946R,Collège Révolution,Nîmes,30,2,"43.8411277221, 4.35535964864"
372,2022,0301096D,Collège la Vallée Verte,Vauvert,30,2,"43.6876211755, 4.27148012771"
373,2022,0301671D,Collège Le Vignet,Calvisson,30,2,"43.7831648894, 4.20125983579"
993,2022,0340955D,Collège Simone Veil,Montpellier,34,3,"43.6180403594, 3.84792979907"
374,2022,0340031Z,Collège Frédéric Mistral,Lunel,34,2,"43.6719380834, 4.12396000143"
978,2022,0301209B,Collège les Fontaines,Bouillargues,30,3,"43.8003340623, 4.43454976935"
976,2022,0301010K,Collège Jules Vallès,Nîmes,30,3,"43.8588460926, 4.39110910066"
368,2022,0110870L,Collège Antoine Pons,Chalabre,11,3,"42.9851089045, 2.00497993951"
369,2022,0300042H,Collège Marceau Lapierre,Saint-Jean-du-Gard,30,3,"44.1089710382, 3.88933994461"
384,2022,0480004U,Collège Marthe Dupeyron,Langogne,48,3,"44.7235510008, 3.85283017106"
385,2022,0480017H,Collège Odilon Barrot,Villefort,48,3,"44.4409467285, 3.92705994902"
386,2022,0660008A,Collège Pierre Fouché,Ille-sur-Têt,66,3,"42.6674347127, 2.61739054467"
387,2022,0660022R,Collège Gustave Violet,Prades,66,3,"42.619996072, 2.41849051273"
977,2022,0301014P,Collège Denis Diderot,Alès,30,3,"44.1328062981, 4.07873052994"
390,2022,0660521H,Collège Pablo Casals,Cabestany,66,3,"42.6764094572, 2.94332002109"
980,2022,0301232B,Collège Gaston Doumergue,Sommières,30,3,"43.7847374416, 4.08325039108"
988,2022,0340053Y,Collège Croix d'Argent,Montpellier,34,3,"43.5901236713, 3.86672053586"
991,2022,0340117T,Collège Paul Dardé,Lodève,34,3,"43.7312528727, 3.30945029518"
983,2022,0301721H,Collège Jean Louis Trintignant,Uzès,30,3,"44.028519592, 4.41477035441"
967,2022,0300031W,Collège George Ville,Pont-Saint-Esprit,30,3,"44.2562769196, 4.64588054318"
973,2022,0300059B,Collège Jules Verne,Nîmes,30,3,"43.8296391511, 4.34296054205"
778,2022,0341764H,Collège François Villon,Saint-Gély-du-Fesc,34,3,"43.6926718053, 3.79933962463"
365,2022,0110025T,Collège Cité,Narbonne,11,3,"43.1871871048, 3.00827041122"
375,2022,0340056B,Collège UPP Saint Pons de Thomières,Olargues,34,2,"43.5562032972, 2.91673961042"
377,2022,0340086J,Collège Frédéric Bazille,Castelnau-le-Lez,34,2,"43.6339667949, 3.90880976798"
998,2022,0341826A,Collège François Mitterrand,Clapiers,34,2,"43.6530326337, 3.8955996619"
155,2022,0110067N,Collège les Mailheuls,Coursan,11,2,"43.2319006101, 3.06104029549"
163,2022,0301670C,Collège Frédéric Desmons,Saint-Geniès-de-Malgoirès,30,2,"43.9446156949, 4.22176967663"
161,2022,0111015U,Collège Marcelin Albert,Saint-Nazaire-d'Aude,11,2,"43.2557196651, 2.90897034676"
968,2022,0300032X,Collège de Coutach,Quissac,30,2,"43.9134526084, 3.99461994587"
158,2022,0110674Y,Collège Gaston Bonheur,Trèbes,11,2,"43.2096146282, 2.45349998889"
1002,2022,0342131G,Collège François Rabelais,Montpellier,34,2,"43.6260229991, 3.83347044839"
157,2022,0110672W,Collège Jules Verne,Carcassonne,11,2,"43.2174450571, 2.35158998458"
970,2022,0300039E,Collège de la Galaberte,Saint-Hippolyte-du-Fort,30,2,"43.9631396836, 3.85859982594"
971,2022,0300043J,Collège Jean Baptiste Dumas,Salindres,30,2,"44.1664128318, 4.16061997374"
972,2022,0300055X,Collège Bernard de Ventadour,Bagnols-sur-Cèze,30,2,"44.1625564528, 4.61367940487"
164,2022,0340016H,Collège la Dullague,Béziers,34,2,"43.3426599739, 3.23330961701"
165,2022,0340021N,Collège Jules Ferry,Cazouls-lès-Béziers,34,2,"43.3898154424, 3.1016801846"
166,2022,0340066M,Collège UPP Bédarieux,Saint-Gervais-sur-Mare,34,2,"43.6531951422, 3.04152960191"
556,2022,0301245R,Collège Lou Castellas,Marguerittes,30,3,"43.8643880293, 4.44129998288"
376,2022,0340065L,Collège Jean Jaurès,Saint-Chinian,34,2,"43.4232909976, 2.9514600811"
982,2022,0301327E,Collège Gérard Philipe,Bagnols-sur-Cèze,30,2,"44.1618283977, 4.61622996246"
990,2022,0340063J,Collège Louis Cahuzac,Quarante,34,2,"43.3442586389, 2.96429025336"
378,2022,0340110K,Collège Pic Saint Loup,Saint-Clément-de-Rivière,34,2,"43.6817773311, 3.84701056038"
379,2022,0340115R,Collège Paul Valéry,Sète,34,2,"43.4012170981, 3.69155034747"
380,2022,0341321B,Collège Katia et Maurice Krafft,Béziers,34,2,"43.3368266518, 3.249580225"
381,2022,0341424N,Collège Louise Michel,Ganges,34,2,"43.9366236246, 3.7052504937"
382,2022,0341825Z,Collège Ambrussum,Lunel,34,2,"43.6876054742, 4.13410022864"
383,2022,0342130F,Collège Pierre Deley,Marseillan,34,2,"43.3636032312, 3.52046025283"
984,2022,0301747L,Collège Collège,Lédignan,30,2,"43.9840086522, 4.10706037412"
388,2022,0660038H,Collège de la Côte Vermeille,Port-Vendres,66,2,"42.520036821, 3.10255948226"
783,2022,0480003T,Collège des Trois Vallées,Florac,48,2,"44.3219028103, 3.59757997599"
393,2022,0660848N,Collège Alice et Jean Olibo,Saint-Cyprien,66,2,"42.6230964794, 3.00866033295"
989,2022,0340057C,Collège Antoine Fauré,Olonzac,34,2,"43.2819795951, 2.72991000174"
985,2022,0301816L,Collège Claude Chappe,Gallargues-le-Montueux,30,2,"43.7180458029, 4.17628042313"
986,2022,0340022P,Collège Basile Rouaix - UPP Clg Jean Jaurès St Chinian,Cessenon sur Orb,34,2,"43.4489498243, 3.05491979347"
987,2022,0340024S,Collège Voltaire,Florensac,34,2,"43.386879459, 3.46471973603"
389,2022,0660049V,Collège Jean Moulin,Perpignan,66,2,"42.6969467289, 2.899559487"
1007,2022,0660925X,Collège Christian Bourquin,Millas,66,3,"42.6864276173, 2.68759941973"
